lambda_star,beta_U,awareness_density,infection_density
0.0,0.0,0.0012000000000000003,0.0010800000000000002
0.0,0.02,0.0017800000000000001,0.0017400000000000002
0.0,0.04,0.00204,0.0019600000000000004
0.0,0.06,0.0035000000000000005,0.003320000000000001
0.0,0.08,0.0034,0.00328
0.0,0.1,0.00788,0.00748
0.0,0.12,0.01202,0.01114
0.0,0.14,0.08617999999999998,0.07891999999999999
0.0,0.16,0.20954,0.19080000000000003
0.0,0.18,0.28704,0.26032
0.0,0.2,0.39620000000000005,0.36119999999999997
0.0,0.22,0.46078,0.41875999999999997
0.0,0.24,0.51342,0.46662000000000003
0.0,0.26,0.5442800000000001,0.49478
0.0,0.28,0.55522,0.50482
0.0,0.3,0.5938399999999999,0.5387000000000001
0.0,0.32,0.6137999999999999,0.5582
0.0,0.34,0.6296999999999999,0.57246
0.0,0.36,0.64872,0.58848
0.0,0.38,0.6612,0.6009
0.0,0.4,0.6738799999999999,0.6136
0.0,0.42,0.6812,0.61918
0.0,0.44,0.6919999999999998,0.62928
0.0,0.46,0.7007199999999999,0.63702
0.0,0.48,0.7101000000000001,0.6450200000000001
0.0,0.5,0.7163200000000001,0.6513400000000001
0.0,0.52,0.7204,0.6547800000000001
0.0,0.54,0.7236599999999999,0.6582199999999999
0.0,0.56,0.7275999999999999,0.66282
0.0,0.58,0.7367400000000001,0.6702600000000001
0.0,0.6,0.73836,0.6702400000000002
0.0,0.62,0.74252,0.67576
0.0,0.64,0.74336,0.6757200000000002
0.0,0.66,0.7488199999999999,0.6817800000000002
0.0,0.68,0.7536599999999999,0.6849799999999999
0.0,0.7000000000000001,0.7516000000000002,0.6831400000000001
0.0,0.72,0.755,0.68584
0.0,0.74,0.7565,0.68746
0.0,0.76,0.7571400000000001,0.68706
0.0,0.78,0.7598600000000001,0.69148
0.0,0.8,0.7614400000000002,0.6926599999999999
0.0,0.8200000000000001,0.7662400000000001,0.6962600000000001
0.0,0.84,0.7635200000000001,0.69404
0.0,0.86,0.76346,0.6944199999999999
0.0,0.88,0.7663,0.69684
0.0,0.9,0.7678999999999999,0.6987799999999998
0.0,0.92,0.7673800000000003,0.6985000000000001
0.0,0.9400000000000001,0.76924,0.70024
0.0,0.96,0.7715000000000001,0.70054
0.0,0.98,0.77044,0.6999599999999999
0.0,1.0,0.7701600000000002,0.7009199999999999
0.02,0.0,0.0012200000000000002,0.0011200000000000001
0.02,0.02,0.0017600000000000003,0.00166
0.02,0.04,0.0024400000000000003,0.0022
0.02,0.06,0.0037,0.00356
0.02,0.08,0.004560000000000001,0.004200000000000001
0.02,0.1,0.00576,0.00536
0.02,0.12,0.01264,0.011940000000000001
0.02,0.14,0.08632,0.0783
0.02,0.16,0.19448000000000001,0.17582000000000003
0.02,0.18,0.31854000000000005,0.28614
0.02,0.2,0.40019999999999994,0.35891999999999996
0.02,0.22,0.4539,0.40678000000000003
0.02,0.24,0.48766000000000004,0.43831999999999993
0.02,0.26,0.5317000000000001,0.47818000000000005
0.02,0.28,0.57076,0.5120600000000001
0.02,0.3,0.59712,0.5372600000000002
0.02,0.32,0.6130800000000001,0.5505800000000001
0.02,0.34,0.6320800000000001,0.5674
0.02,0.36,0.6480800000000001,0.5826399999999999
0.02,0.38,0.6589200000000001,0.5932000000000001
0.02,0.4,0.6743000000000001,0.6067999999999999
0.02,0.42,0.68092,0.6123
0.02,0.44,0.6929000000000001,0.6224
0.02,0.46,0.70198,0.63086
0.02,0.48,0.7072000000000002,0.6358
0.02,0.5,0.71596,0.6444
0.02,0.52,0.7204999999999999,0.6509999999999999
0.02,0.54,0.72752,0.6558200000000001
0.02,0.56,0.73096,0.6593600000000001
0.02,0.58,0.73342,0.6608200000000001
0.02,0.6,0.73894,0.66348
0.02,0.62,0.74252,0.66892
0.02,0.64,0.745,0.67116
0.02,0.66,0.7484799999999998,0.6746400000000001
0.02,0.68,0.75032,0.67432
0.02,0.7000000000000001,0.7546200000000002,0.6788600000000001
0.02,0.72,0.75748,0.6822999999999999
0.02,0.74,0.7584800000000002,0.6835999999999999
0.02,0.76,0.7608199999999999,0.6863799999999999
0.02,0.78,0.7590600000000001,0.6851799999999999
0.02,0.8,0.76294,0.6864
0.02,0.8200000000000001,0.7624200000000001,0.68774
0.02,0.84,0.7670600000000001,0.6919999999999998
0.02,0.86,0.76492,0.68794
0.02,0.88,0.7674199999999999,0.6902400000000002
0.02,0.9,0.7693800000000001,0.6921600000000001
0.02,0.92,0.77172,0.6946199999999999
0.02,0.9400000000000001,0.7710000000000001,0.69412
0.02,0.96,0.77266,0.6955199999999999
0.02,0.98,0.77192,0.6958
0.02,1.0,0.77274,0.69774
0.04,0.0,0.00128,0.0012000000000000003
0.04,0.02,0.00184,0.0017599999999999998
0.04,0.04,0.0031800000000000005,0.0030200000000000005
0.04,0.06,0.0028400000000000005,0.00272
0.04,0.08,0.00534,0.005
0.04,0.1,0.00724,0.00672
0.04,0.12,0.0103,0.009520000000000002
0.04,0.14,0.07215999999999999,0.06495999999999999
0.04,0.16,0.23018,0.20506
0.04,0.18,0.30372,0.26976
0.04,0.2,0.38337999999999994,0.33976
0.04,0.22,0.46906,0.4152
0.04,0.24,0.5148600000000001,0.45622
0.04,0.26,0.5497400000000001,0.48832000000000003
0.04,0.28,0.56272,0.4996600000000001
0.04,0.3,0.5969599999999999,0.5320400000000001
0.04,0.32,0.61414,0.54512
0.04,0.34,0.63358,0.56302
0.04,0.36,0.64814,0.5756399999999999
0.04,0.38,0.66234,0.5893
0.04,0.4,0.6745399999999999,0.60042
0.04,0.42,0.6838,0.60738
0.04,0.44,0.69542,0.61936
0.04,0.46,0.6994000000000001,0.6234200000000001
0.04,0.48,0.70844,0.63112
0.04,0.5,0.7158199999999998,0.6398
0.04,0.52,0.72194,0.64298
0.04,0.54,0.7258599999999998,0.64648
0.04,0.56,0.7315,0.6534200000000001
0.04,0.58,0.73506,0.65514
0.04,0.6,0.7384599999999999,0.6601600000000001
0.04,0.62,0.74456,0.6625000000000001
0.04,0.64,0.7464799999999999,0.6667200000000001
0.04,0.66,0.7454400000000001,0.66432
0.04,0.68,0.7523200000000001,0.6717400000000001
0.04,0.7000000000000001,0.7563200000000001,0.6739800000000001
0.04,0.72,0.7572199999999999,0.6756599999999999
0.04,0.74,0.7586200000000001,0.6781400000000001
0.04,0.76,0.75946,0.6784600000000001
0.04,0.78,0.76228,0.68048
0.04,0.8,0.7623000000000001,0.6808600000000001
0.04,0.8200000000000001,0.7639999999999999,0.6828799999999999
0.04,0.84,0.76702,0.6836999999999999
0.04,0.86,0.76908,0.6848399999999999
0.04,0.88,0.76748,0.6866599999999999
0.04,0.9,0.7709800000000001,0.6882
0.04,0.92,0.77004,0.6891200000000001
0.04,0.9400000000000001,0.77122,0.6894
0.04,0.96,0.7726800000000001,0.6904799999999999
0.04,0.98,0.7729600000000001,0.6910200000000001
0.04,1.0,0.77302,0.69192
0.06,0.0,0.00134,0.00128
0.06,0.02,0.00196,0.0018000000000000002
0.06,0.04,0.003340000000000001,0.0031400000000000004
0.06,0.06,0.0041,0.00382
0.06,0.08,0.00436,0.00414
0.06,0.1,0.005580000000000001,0.0051400000000000005
0.06,0.12,0.010820000000000001,0.0102
0.06,0.14,0.07818,0.07017999999999999
0.06,0.16,0.21406000000000003,0.18934
0.06,0.18,0.29398,0.25874
0.06,0.2,0.4224,0.37206000000000006
0.06,0.22,0.45277999999999996,0.39620000000000005
0.06,0.24,0.5001399999999999,0.43882000000000004
0.06,0.26,0.54302,0.4753
0.06,0.28,0.5735,0.5019
0.06,0.3,0.59722,0.52416
0.06,0.32,0.6095999999999999,0.5344000000000001
0.06,0.34,0.6346200000000001,0.5575800000000001
0.06,0.36,0.6503,0.57288
0.06,0.38,0.6616,0.5821799999999999
0.06,0.4,0.6753599999999998,0.5949
0.06,0.42,0.6858600000000001,0.60604
0.06,0.44,0.6938200000000001,0.61164
0.06,0.46,0.7038399999999999,0.62032
0.06,0.48,0.70998,0.6268
0.06,0.5,0.71856,0.6345200000000001
0.06,0.52,0.7197800000000001,0.63442
0.06,0.54,0.72706,0.63938
0.06,0.56,0.73442,0.6495000000000001
0.06,0.58,0.7371400000000001,0.6518999999999999
0.06,0.6,0.74214,0.65656
0.06,0.62,0.74564,0.6579999999999999
0.06,0.64,0.74548,0.66032
0.06,0.66,0.7511199999999999,0.6637800000000001
0.06,0.68,0.7540999999999998,0.66514
0.06,0.7000000000000001,0.7552599999999999,0.67008
0.06,0.72,0.75908,0.6718600000000001
0.06,0.74,0.7579400000000001,0.67144
0.06,0.76,0.7610000000000001,0.67342
0.06,0.78,0.76032,0.67298
0.06,0.8,0.7667,0.67702
0.06,0.8200000000000001,0.76526,0.6773200000000001
0.06,0.84,0.7676200000000002,0.6801600000000001
0.06,0.86,0.7684799999999999,0.6799000000000001
0.06,0.88,0.7687799999999999,0.68282
0.06,0.9,0.77056,0.6828800000000002
0.06,0.92,0.7728200000000001,0.6830000000000002
0.06,0.9400000000000001,0.77294,0.6837800000000002
0.06,0.96,0.7742799999999999,0.68634
0.06,0.98,0.77388,0.6860399999999999
0.06,1.0,0.7766600000000001,0.6878
0.08,0.0,0.00134,0.00128
0.08,0.02,0.0014200000000000003,0.00136
0.08,0.04,0.00268,0.0025800000000000003
0.08,0.06,0.0032599999999999994,0.0031599999999999996
0.08,0.08,0.005540000000000001,0.00522
0.08,0.1,0.00672,0.00618
0.08,0.12,0.011739999999999999,0.010740000000000001
0.08,0.14,0.09464000000000002,0.08347999999999998
0.08,0.16,0.19217999999999996,0.16856000000000002
0.08,0.18,0.30966,0.26754
0.08,0.2,0.37621999999999994,0.32577999999999996
0.08,0.22,0.47163999999999995,0.40832
0.08,0.24,0.4833199999999999,0.4184999999999999
0.08,0.26,0.54624,0.47412
0.08,0.28,0.56024,0.48419999999999996
0.08,0.3,0.5936,0.5142800000000001
0.08,0.32,0.6164999999999999,0.53524
0.08,0.34,0.63388,0.54946
0.08,0.36,0.6498,0.56598
0.08,0.38,0.66464,0.5782399999999999
0.08,0.4,0.67598,0.58942
0.08,0.42,0.6862400000000001,0.59792
0.08,0.44,0.6939399999999999,0.6038000000000001
0.08,0.46,0.7030799999999999,0.6129399999999999
0.08,0.48,0.7096000000000001,0.61926
0.08,0.5,0.71734,0.62806
0.08,0.52,0.7230199999999999,0.63276
0.08,0.54,0.72874,0.63566
0.08,0.56,0.7329400000000001,0.64078
0.08,0.58,0.7383799999999999,0.64678
0.08,0.6,0.74336,0.6508800000000001
0.08,0.62,0.74598,0.65388
0.08,0.64,0.74908,0.6573200000000001
0.08,0.66,0.75188,0.6581999999999999
0.08,0.68,0.7532800000000001,0.6600400000000001
0.08,0.7000000000000001,0.7555,0.6628200000000001
0.08,0.72,0.7606200000000001,0.669
0.08,0.74,0.7577799999999999,0.66664
0.08,0.76,0.76342,0.66824
0.08,0.78,0.7646200000000001,0.67098
0.08,0.8,0.76708,0.6719799999999999
0.08,0.8200000000000001,0.7686999999999999,0.67474
0.08,0.84,0.7682800000000001,0.67542
0.08,0.86,0.76908,0.67458
0.08,0.88,0.7704599999999999,0.6766800000000001
0.08,0.9,0.7728400000000001,0.6806200000000001
0.08,0.92,0.77016,0.6773600000000001
0.08,0.9400000000000001,0.7723,0.6784400000000003
0.08,0.96,0.7748799999999999,0.6793600000000001
0.08,0.98,0.7742200000000001,0.6819200000000001
0.08,1.0,0.7780199999999999,0.6839
0.1,0.0,0.0010600000000000002,0.001
0.1,0.02,0.0013800000000000002,0.00132
0.1,0.04,0.00246,0.00232
0.1,0.06,0.0036,0.0034799999999999996
0.1,0.08,0.0045000000000000005,0.004260000000000001
0.1,0.1,0.006500000000000001,0.006100000000000001
0.1,0.12,0.014339999999999999,0.01302
0.1,0.14,0.0812,0.0727
0.1,0.16,0.22841999999999996,0.1975
0.1,0.18,0.31776,0.27234
0.1,0.2,0.36924,0.31516
0.1,0.22,0.47234000000000004,0.4039000000000001
0.1,0.24,0.49928000000000006,0.42480000000000007
0.1,0.26,0.53774,0.45986
0.1,0.28,0.57302,0.48972
0.1,0.3,0.59478,0.50812
0.1,0.32,0.61744,0.52982
0.1,0.34,0.62188,0.53244
0.1,0.36,0.6507999999999999,0.55764
0.1,0.38,0.6500400000000001,0.5600999999999999
0.1,0.4,0.6746800000000001,0.57948
0.1,0.42,0.6888000000000001,0.59268
0.1,0.44,0.6971799999999999,0.6016199999999999
0.1,0.46,0.7005600000000001,0.60462
0.1,0.48,0.70854,0.61318
0.1,0.5,0.7170400000000001,0.6202
0.1,0.52,0.72254,0.626
0.1,0.54,0.72902,0.6315799999999999
0.1,0.56,0.7333399999999999,0.63402
0.1,0.58,0.7389799999999999,0.64168
0.1,0.6,0.74198,0.6435200000000001
0.1,0.62,0.7452999999999999,0.64822
0.1,0.64,0.7494399999999999,0.6509200000000002
0.1,0.66,0.7550399999999999,0.6573800000000002
0.1,0.68,0.75518,0.6571600000000001
0.1,0.7000000000000001,0.7581599999999998,0.65936
0.1,0.72,0.7559000000000001,0.65606
0.1,0.74,0.7619199999999999,0.6647799999999999
0.1,0.76,0.76398,0.66672
0.1,0.78,0.7669400000000001,0.6669200000000001
0.1,0.8,0.76668,0.6664599999999998
0.1,0.8200000000000001,0.7685000000000001,0.66936
0.1,0.84,0.7703399999999999,0.67008
0.1,0.86,0.7720600000000001,0.6714000000000001
0.1,0.88,0.7722000000000001,0.6728000000000001
0.1,0.9,0.7734800000000002,0.67412
0.1,0.92,0.7736200000000001,0.67538
0.1,0.9400000000000001,0.77574,0.67472
0.1,0.96,0.7776400000000001,0.67792
0.1,0.98,0.77632,0.6772400000000002
0.1,1.0,0.7769800000000001,0.67892
0.12,0.0,0.001,0.0008800000000000002
0.12,0.02,0.0018200000000000002,0.0017000000000000001
0.12,0.04,0.00238,0.00226
0.12,0.06,0.00376,0.0036000000000000003
0.12,0.08,0.00412,0.00392
0.12,0.1,0.0057,0.0052
0.12,0.12,0.014720000000000002,0.01348
0.12,0.14,0.07977999999999999,0.0699
0.12,0.16,0.16944000000000004,0.14576
0.12,0.18,0.26654,0.22645999999999997
0.12,0.2,0.41334000000000004,0.34812000000000004
0.12,0.22,0.43476,0.3669
0.12,0.24,0.50662,0.42700000000000005
0.12,0.26,0.54376,0.45864
0.12,0.28,0.5737,0.48458000000000007
0.12,0.3,0.58598,0.49459999999999993
0.12,0.32,0.6031,0.51116
0.12,0.34,0.63494,0.53768
0.12,0.36,0.6541199999999999,0.5556
0.12,0.38,0.6643799999999999,0.56512
0.12,0.4,0.6754400000000002,0.57586
0.12,0.42,0.6876200000000001,0.58724
0.12,0.44,0.69598,0.59586
0.12,0.46,0.7046600000000001,0.60266
0.12,0.48,0.70962,0.6075200000000001
0.12,0.5,0.718,0.61552
0.12,0.52,0.72464,0.6222599999999999
0.12,0.54,0.7300599999999998,0.62604
0.12,0.56,0.73452,0.63122
0.12,0.58,0.7397999999999999,0.6352599999999999
0.12,0.6,0.7433799999999999,0.63898
0.12,0.62,0.7490000000000001,0.6450400000000001
0.12,0.64,0.7522000000000001,0.6479
0.12,0.66,0.7522999999999999,0.6495000000000001
0.12,0.68,0.7552600000000002,0.6507600000000001
0.12,0.7000000000000001,0.75882,0.6568200000000001
0.12,0.72,0.7605000000000001,0.65646
0.12,0.74,0.76414,0.6578600000000001
0.12,0.76,0.76542,0.66278
0.12,0.78,0.7679400000000001,0.66328
0.12,0.8,0.76806,0.6643800000000002
0.12,0.8200000000000001,0.7699200000000002,0.6658
0.12,0.84,0.77242,0.6660200000000001
0.12,0.86,0.7718600000000001,0.66762
0.12,0.88,0.7714,0.6660000000000003
0.12,0.9,0.77452,0.6703200000000001
0.12,0.92,0.7754600000000003,0.67136
0.12,0.9400000000000001,0.7762000000000002,0.6712200000000001
0.12,0.96,0.77624,0.6722000000000001
0.12,0.98,0.7766400000000001,0.67226
0.12,1.0,0.7788399999999999,0.6736000000000001
0.14,0.0,0.00144,0.0014200000000000003
0.14,0.02,0.00238,0.0022600000000000003
0.14,0.04,0.0024600000000000004,0.0024400000000000003
0.14,0.06,0.0030000000000000005,0.0029400000000000003
0.14,0.08,0.006080000000000001,0.005860000000000001
0.14,0.1,0.00676,0.006140000000000001
0.14,0.12,0.010499999999999999,0.00962
0.14,0.14,0.07366,0.06444
0.14,0.16,0.20114,0.17134
0.14,0.18,0.31018000000000007,0.25794000000000006
0.14,0.2,0.40724,0.33968000000000004
0.14,0.22,0.4556,0.3787
0.14,0.24,0.4984600000000001,0.41468000000000005
0.14,0.26,0.5497,0.4576799999999999
0.14,0.28,0.54964,0.45692
0.14,0.3,0.5978399999999999,0.49870000000000003
0.14,0.32,0.61914,0.51892
0.14,0.34,0.6214799999999999,0.52248
0.14,0.36,0.65132,0.5477000000000001
0.14,0.38,0.6632199999999999,0.5603
0.14,0.4,0.6753199999999998,0.56932
0.14,0.42,0.6861399999999999,0.57744
0.14,0.44,0.6972599999999999,0.59056
0.14,0.46,0.7056600000000001,0.5979800000000001
0.14,0.48,0.71084,0.60242
0.14,0.5,0.71958,0.60994
0.14,0.52,0.72404,0.61376
0.14,0.54,0.7310800000000001,0.62152
0.14,0.56,0.7342,0.62642
0.14,0.58,0.74286,0.63216
0.14,0.6,0.7432399999999998,0.6332000000000001
0.14,0.62,0.74842,0.639
0.14,0.64,0.7514199999999999,0.6421800000000001
0.14,0.66,0.7539,0.64432
0.14,0.68,0.7547800000000001,0.6439199999999999
0.14,0.7000000000000001,0.7605000000000001,0.6515599999999999
0.14,0.72,0.7632800000000001,0.65266
0.14,0.74,0.76402,0.6524000000000001
0.14,0.76,0.76578,0.65518
0.14,0.78,0.7679600000000001,0.65924
0.14,0.8,0.76926,0.6585599999999999
0.14,0.8200000000000001,0.7723400000000001,0.6611800000000001
0.14,0.84,0.77326,0.6632000000000001
0.14,0.86,0.7745599999999999,0.6652800000000001
0.14,0.88,0.7742600000000001,0.6643400000000002
0.14,0.9,0.7763599999999999,0.66554
0.14,0.92,0.7763200000000002,0.6646400000000001
0.14,0.9400000000000001,0.7777400000000001,0.6686799999999999
0.14,0.96,0.7786,0.6690400000000003
0.14,0.98,0.7784,0.6674199999999999
0.14,1.0,0.7783200000000001,0.66968
0.16,0.0,0.0012200000000000002,0.0011400000000000002
0.16,0.02,0.0017200000000000002,0.00164
0.16,0.04,0.0028400000000000005,0.00272
0.16,0.06,0.00316,0.00308
0.16,0.08,0.0045000000000000005,0.004240000000000001
0.16,0.1,0.00626,0.005719999999999999
0.16,0.12,0.015580000000000004,0.014180000000000002
0.16,0.14,0.10048,0.0867
0.16,0.16,0.22912000000000007,0.19088000000000002
0.16,0.18,0.3022,0.24878
0.16,0.2,0.36756000000000005,0.30182
0.16,0.22,0.45602000000000004,0.37549999999999994
0.16,0.24,0.4989800000000001,0.41001999999999994
0.16,0.26,0.5322600000000001,0.43654000000000004
0.16,0.28,0.5737399999999999,0.47293999999999997
0.16,0.3,0.5950399999999999,0.49176
0.16,0.32,0.6208199999999999,0.5139
0.16,0.34,0.63938,0.52996
0.16,0.36,0.64992,0.53878
0.16,0.38,0.6650400000000001,0.5534800000000001
0.16,0.4,0.67298,0.5611400000000001
0.16,0.42,0.6872,0.5732
0.16,0.44,0.6962599999999999,0.5828599999999999
0.16,0.46,0.70678,0.59206
0.16,0.48,0.71224,0.6001799999999999
0.16,0.5,0.7182200000000001,0.60358
0.16,0.52,0.72602,0.61068
0.16,0.54,0.7310599999999999,0.61554
0.16,0.56,0.7367,0.62346
0.16,0.58,0.74346,0.6284000000000001
0.16,0.6,0.74366,0.62856
0.16,0.62,0.74958,0.6365
0.16,0.64,0.74912,0.63544
0.16,0.66,0.7572799999999998,0.64208
0.16,0.68,0.7579600000000001,0.6427600000000001
0.16,0.7000000000000001,0.7614600000000001,0.6451800000000002
0.16,0.72,0.76464,0.6487
0.16,0.74,0.7652999999999999,0.6500400000000001
0.16,0.76,0.76566,0.6499600000000001
0.16,0.78,0.76742,0.65236
0.16,0.8,0.77138,0.6555200000000001
0.16,0.8200000000000001,0.7736800000000003,0.65896
0.16,0.84,0.77208,0.6582000000000001
0.16,0.86,0.7745400000000001,0.65864
0.16,0.88,0.7764800000000001,0.66018
0.16,0.9,0.77876,0.6638000000000001
0.16,0.92,0.7766600000000001,0.6625
0.16,0.9400000000000001,0.77932,0.6637000000000001
0.16,0.96,0.7802,0.6637000000000001
0.16,0.98,0.7795400000000001,0.665
0.16,1.0,0.7813199999999999,0.66522
0.18,0.0,0.00102,0.00096
0.18,0.02,0.00158,0.0015199999999999999
0.18,0.04,0.0023799999999999997,0.0023
0.18,0.06,0.00266,0.0024800000000000004
0.18,0.08,0.00502,0.004680000000000001
0.18,0.1,0.005840000000000001,0.005640000000000001
0.18,0.12,0.011780000000000002,0.010920000000000001
0.18,0.14,0.07552,0.06522
0.18,0.16,0.21766,0.18150000000000002
0.18,0.18,0.29998,0.24361999999999998
0.18,0.2,0.3803399999999999,0.30944
0.18,0.22,0.44114000000000003,0.35816
0.18,0.24,0.51196,0.41562000000000004
0.18,0.26,0.52394,0.42579999999999996
0.18,0.28,0.57636,0.4687799999999999
0.18,0.3,0.5993599999999999,0.48869999999999997
0.18,0.32,0.6179,0.5063400000000001
0.18,0.34,0.63954,0.52386
0.18,0.36,0.6519799999999999,0.53564
0.18,0.38,0.66424,0.54584
0.18,0.4,0.67624,0.55816
0.18,0.42,0.6749799999999999,0.55746
0.18,0.44,0.69864,0.5797599999999999
0.18,0.46,0.7077,0.5872600000000001
0.18,0.48,0.7141799999999998,0.59296
0.18,0.5,0.7188599999999999,0.5997399999999999
0.18,0.52,0.7261,0.60762
0.18,0.54,0.73344,0.6139399999999999
0.18,0.56,0.7352599999999998,0.6151599999999999
0.18,0.58,0.73954,0.61992
0.18,0.6,0.7461400000000001,0.62616
0.18,0.62,0.7502000000000001,0.6312000000000001
0.18,0.64,0.7527600000000001,0.63174
0.18,0.66,0.75794,0.6390800000000001
0.18,0.68,0.7601,0.6389200000000002
0.18,0.7000000000000001,0.76058,0.64034
0.18,0.72,0.7652599999999999,0.6444000000000001
0.18,0.74,0.7664000000000002,0.6461
0.18,0.76,0.7668200000000001,0.6468600000000001
0.18,0.78,0.77038,0.64922
0.18,0.8,0.7712600000000001,0.65152
0.18,0.8200000000000001,0.7715799999999998,0.65066
0.18,0.84,0.7739000000000001,0.65436
0.18,0.86,0.77526,0.6556399999999999
0.18,0.88,0.7747800000000001,0.65392
0.18,0.9,0.7758199999999998,0.6542
0.18,0.92,0.7811400000000002,0.66078
0.18,0.9400000000000001,0.7796000000000001,0.6595
0.18,0.96,0.7793599999999999,0.65892
0.18,0.98,0.7830800000000001,0.6615599999999999
0.18,1.0,0.7824000000000001,0.66012
0.2,0.0,0.0012200000000000002,0.00114
0.2,0.02,0.00196,0.00184
0.2,0.04,0.0028200000000000005,0.0025800000000000003
0.2,0.06,0.00396,0.0037600000000000008
0.2,0.08,0.0037199999999999998,0.00356
0.2,0.1,0.006280000000000001,0.005840000000000001
0.2,0.12,0.012180000000000002,0.011320000000000002
0.2,0.14,0.06982,0.0592
0.2,0.16,0.18965999999999997,0.15552
0.2,0.18,0.2905,0.23492000000000002
0.2,0.2,0.38056000000000006,0.30378
0.2,0.22,0.46794,0.3753599999999999
0.2,0.24,0.5024000000000001,0.40260000000000007
0.2,0.26,0.54806,0.43986
0.2,0.28,0.5623799999999999,0.45281999999999994
0.2,0.3,0.589,0.47558
0.2,0.32,0.6190399999999999,0.5003799999999999
0.2,0.34,0.63344,0.51154
0.2,0.36,0.6527000000000001,0.5287200000000001
0.2,0.38,0.6642800000000001,0.5417000000000001
0.2,0.4,0.67628,0.55262
0.2,0.42,0.68784,0.56404
0.2,0.44,0.6988600000000001,0.5745
0.2,0.46,0.70776,0.5832999999999999
0.2,0.48,0.7142000000000001,0.5882799999999999
0.2,0.5,0.7237,0.59728
0.2,0.52,0.72958,0.6048
0.2,0.54,0.73414,0.6081
0.2,0.56,0.73724,0.6132399999999999
0.2,0.58,0.74448,0.61856
0.2,0.6,0.7461799999999998,0.62222
0.2,0.62,0.75076,0.6253
0.2,0.64,0.7522,0.6264
0.2,0.66,0.7579600000000001,0.63132
0.2,0.68,0.75886,0.63252
0.2,0.7000000000000001,0.76318,0.6373000000000001
0.2,0.72,0.7650400000000002,0.63958
0.2,0.74,0.7657,0.6400600000000002
0.2,0.76,0.7662400000000001,0.6407599999999999
0.2,0.78,0.7713400000000001,0.64664
0.2,0.8,0.77208,0.64666
0.2,0.8200000000000001,0.77436,0.649
0.2,0.84,0.77416,0.6494000000000001
0.2,0.86,0.7784200000000001,0.65218
0.2,0.88,0.7763199999999999,0.6512
0.2,0.9,0.7774800000000001,0.65536
0.2,0.92,0.7792999999999999,0.65376
0.2,0.9400000000000001,0.7797800000000001,0.6542600000000001
0.2,0.96,0.78096,0.65716
0.2,0.98,0.7816999999999998,0.6568599999999999
0.2,1.0,0.7831199999999999,0.65718
0.22,0.0,0.0012200000000000002,0.0010800000000000002
0.22,0.02,0.00188,0.0017000000000000001
0.22,0.04,0.0031200000000000004,0.0030800000000000007
0.22,0.06,0.0039000000000000003,0.0037
0.22,0.08,0.004200000000000001,0.00396
0.22,0.1,0.006160000000000001,0.005900000000000001
0.22,0.12,0.0139,0.01248
0.22,0.14,0.07802,0.06624000000000001
0.22,0.16,0.16518000000000005,0.13476000000000002
0.22,0.18,0.30574,0.24419999999999997
0.22,0.2,0.40418000000000004,0.31902
0.22,0.22,0.45204,0.35833999999999994
0.22,0.24,0.5144000000000001,0.4081
0.22,0.26,0.54968,0.43582
0.22,0.28,0.57332,0.4539
0.22,0.3,0.5991000000000001,0.47954
0.22,0.32,0.621,0.49776
0.22,0.34,0.63682,0.51026
0.22,0.36,0.6505600000000001,0.52514
0.22,0.38,0.6668999999999999,0.53834
0.22,0.4,0.67984,0.5523
0.22,0.42,0.69254,0.5610400000000001
0.22,0.44,0.6967,0.56718
0.22,0.46,0.70732,0.5782799999999999
0.22,0.48,0.71572,0.5852999999999999
0.22,0.5,0.7202799999999999,0.59028
0.22,0.52,0.7275800000000001,0.59732
0.22,0.54,0.7321199999999999,0.6007199999999999
0.22,0.56,0.7389599999999998,0.6080599999999999
0.22,0.58,0.7428400000000002,0.61256
0.22,0.6,0.74832,0.61714
0.22,0.62,0.7485200000000002,0.6170599999999999
0.22,0.64,0.75342,0.6230800000000001
0.22,0.66,0.7580399999999998,0.6252
0.22,0.68,0.76128,0.63104
0.22,0.7000000000000001,0.76146,0.63158
0.22,0.72,0.7638799999999999,0.63548
0.22,0.74,0.76728,0.63768
0.22,0.76,0.77024,0.6397400000000001
0.22,0.78,0.7693000000000001,0.6397200000000001
0.22,0.8,0.77346,0.64446
0.22,0.8200000000000001,0.7748200000000002,0.64476
0.22,0.84,0.7758200000000001,0.6466
0.22,0.86,0.77676,0.64762
0.22,0.88,0.7794599999999999,0.6491800000000001
0.22,0.9,0.77952,0.64964
0.22,0.92,0.7802600000000001,0.6504000000000001
0.22,0.9400000000000001,0.78098,0.6531200000000001
0.22,0.96,0.7829000000000002,0.6527200000000001
0.22,0.98,0.7824000000000001,0.6509199999999999
0.22,1.0,0.7814600000000002,0.65224
0.24,0.0,0.0011600000000000002,0.0010600000000000002
0.24,0.02,0.00226,0.00214
0.24,0.04,0.0031800000000000005,0.0030000000000000005
0.24,0.06,0.00272,0.0024400000000000003
0.24,0.08,0.00462,0.00446
0.24,0.1,0.00538,0.00502
0.24,0.12,0.01022,0.009680000000000001
0.24,0.14,0.07052,0.059120000000000006
0.24,0.16,0.20331999999999997,0.16324000000000002
0.24,0.18,0.301,0.23772
0.24,0.2,0.3818600000000001,0.2971
0.24,0.22,0.45014,0.34991999999999995
0.24,0.24,0.49105999999999994,0.38245999999999997
0.24,0.26,0.5530400000000001,0.4325799999999999
0.24,0.28,0.57866,0.4537
0.24,0.3,0.5992999999999999,0.47166
0.24,0.32,0.6178,0.48869999999999997
0.24,0.34,0.6388,0.50592
0.24,0.36,0.65512,0.52224
0.24,0.38,0.6702600000000001,0.53388
0.24,0.4,0.6776599999999999,0.5432400000000002
0.24,0.42,0.6882,0.55366
0.24,0.44,0.6985399999999999,0.56466
0.24,0.46,0.7108000000000001,0.57514
0.24,0.48,0.7152600000000001,0.57822
0.24,0.5,0.72226,0.58458
0.24,0.52,0.7287599999999999,0.5932199999999999
0.24,0.54,0.73338,0.5978
0.24,0.56,0.73902,0.60172
0.24,0.58,0.7454199999999999,0.6098800000000001
0.24,0.6,0.7461,0.61136
0.24,0.62,0.7523199999999999,0.6156000000000001
0.24,0.64,0.7538799999999999,0.6175200000000001
0.24,0.66,0.7576,0.6235599999999999
0.24,0.68,0.75988,0.6239000000000001
0.24,0.7000000000000001,0.7620399999999999,0.62702
0.24,0.72,0.7629,0.6271
0.24,0.74,0.76908,0.6333
0.24,0.76,0.77166,0.63672
0.24,0.78,0.7732399999999999,0.6381600000000001
0.24,0.8,0.77414,0.6402599999999999
0.24,0.8200000000000001,0.7769199999999999,0.64068
0.24,0.84,0.7757400000000001,0.6408200000000001
0.24,0.86,0.77912,0.64536
0.24,0.88,0.7801600000000001,0.6434000000000001
0.24,0.9,0.77838,0.64414
0.24,0.92,0.7818400000000001,0.64914
0.24,0.9400000000000001,0.78054,0.6469199999999999
0.24,0.96,0.7821600000000001,0.64766
0.24,0.98,0.7829600000000001,0.6512399999999999
0.24,1.0,0.7850000000000001,0.6518999999999999
0.26,0.0,0.00144,0.0013800000000000002
0.26,0.02,0.0018400000000000003,0.00164
0.26,0.04,0.0034000000000000007,0.003320000000000001
0.26,0.06,0.00328,0.00318
0.26,0.08,0.00466,0.00438
0.26,0.1,0.00538,0.00512
0.26,0.12,0.01168,0.010820000000000001
0.26,0.14,0.07898,0.06682
0.26,0.16,0.16944000000000004,0.13438
0.26,0.18,0.34678,0.26706
0.26,0.2,0.39018,0.30044
0.26,0.22,0.47126000000000007,0.36175999999999997
0.26,0.24,0.49992000000000003,0.38534000000000007
0.26,0.26,0.5381,0.41614000000000007
0.26,0.28,0.5771399999999999,0.44746
0.26,0.3,0.5992799999999999,0.46423999999999993
0.26,0.32,0.61874,0.48088000000000003
0.26,0.34,0.6377200000000002,0.50128
0.26,0.36,0.65518,0.5171600000000001
0.26,0.38,0.6665399999999999,0.52604
0.26,0.4,0.6760400000000001,0.53476
0.26,0.42,0.69452,0.55314
0.26,0.44,0.69798,0.55598
0.26,0.46,0.7092800000000001,0.5688599999999999
0.26,0.48,0.71886,0.5763999999999999
0.26,0.5,0.72072,0.58196
0.26,0.52,0.7305200000000001,0.5886399999999999
0.26,0.54,0.7356399999999997,0.5941000000000001
0.26,0.56,0.73848,0.597
0.26,0.58,0.74558,0.60412
0.26,0.6,0.7487599999999999,0.60854
0.26,0.62,0.7512399999999999,0.61006
0.26,0.64,0.7583000000000001,0.61682
0.26,0.66,0.7577800000000002,0.61808
0.26,0.68,0.76244,0.62234
0.26,0.7000000000000001,0.7657800000000001,0.6253200000000001
0.26,0.72,0.7676000000000001,0.62634
0.26,0.74,0.7666,0.627
0.26,0.76,0.7719,0.6322399999999999
0.26,0.78,0.77306,0.6357
0.26,0.8,0.7731000000000001,0.6326599999999999
0.26,0.8200000000000001,0.7752,0.63658
0.26,0.84,0.77558,0.63478
0.26,0.86,0.77842,0.64012
0.26,0.88,0.7804000000000001,0.6424
0.26,0.9,0.7786000000000002,0.64144
0.26,0.92,0.7820400000000001,0.6424599999999999
0.26,0.9400000000000001,0.78228,0.64426
0.26,0.96,0.7839800000000001,0.64642
0.26,0.98,0.7855800000000001,0.6480400000000001
0.26,1.0,0.7844599999999999,0.64742
0.28,0.0,0.0013,0.00126
0.28,0.02,0.00232,0.0021400000000000004
0.28,0.04,0.0023200000000000004,0.00218
0.28,0.06,0.0036000000000000003,0.003280000000000001
0.28,0.08,0.00488,0.00474
0.28,0.1,0.007360000000000001,0.0068600000000000015
0.28,0.12,0.009680000000000001,0.008780000000000001
0.28,0.14,0.06892,0.05718000000000001
0.28,0.16,0.22977999999999998,0.18012
0.28,0.18,0.31065999999999994,0.23944
0.28,0.2,0.4048,0.30628
0.28,0.22,0.45212,0.34299999999999997
0.28,0.24,0.49290000000000006,0.37705999999999995
0.28,0.26,0.5368200000000001,0.4085399999999999
0.28,0.28,0.57782,0.44388000000000005
0.28,0.3,0.57698,0.4434
0.28,0.32,0.62424,0.48398
0.28,0.34,0.634,0.49221999999999994
0.28,0.36,0.65424,0.5106
0.28,0.38,0.66754,0.5217800000000001
0.28,0.4,0.6779999999999999,0.5319400000000001
0.28,0.42,0.6925999999999999,0.5469
0.28,0.44,0.7006600000000001,0.55356
0.28,0.46,0.7103,0.56432
0.28,0.48,0.71796,0.5718599999999999
0.28,0.5,0.7231200000000001,0.5759799999999999
0.28,0.52,0.72842,0.5832599999999999
0.28,0.54,0.7337,0.5899800000000001
0.28,0.56,0.7387999999999999,0.59182
0.28,0.58,0.74338,0.5980399999999999
0.28,0.6,0.7501399999999999,0.60342
0.28,0.62,0.7526,0.6070599999999999
0.28,0.64,0.7568,0.61262
0.28,0.66,0.7565200000000002,0.61318
0.28,0.68,0.7608600000000001,0.61746
0.28,0.7000000000000001,0.7636600000000001,0.61942
0.28,0.72,0.7686000000000002,0.6221
0.28,0.74,0.76842,0.623
0.28,0.76,0.77256,0.6297200000000001
0.28,0.78,0.7751800000000002,0.63168
0.28,0.8,0.77634,0.6348600000000001
0.28,0.8200000000000001,0.77538,0.63206
0.28,0.84,0.7778,0.63084
0.28,0.86,0.7777799999999999,0.6347200000000001
0.28,0.88,0.78144,0.63852
0.28,0.9,0.78018,0.6381600000000001
0.28,0.92,0.78094,0.63626
0.28,0.9400000000000001,0.78408,0.6398199999999999
0.28,0.96,0.7834200000000001,0.63966
0.28,0.98,0.7842600000000001,0.6412399999999999
0.28,1.0,0.7854200000000001,0.64288
0.3,0.0,0.0010800000000000002,0.00098
0.3,0.02,0.00254,0.00232
0.3,0.04,0.0022800000000000003,0.00206
0.3,0.06,0.0031000000000000003,0.0028200000000000005
0.3,0.08,0.00438,0.004200000000000001
0.3,0.1,0.00438,0.0041400000000000005
0.3,0.12,0.01236,0.011380000000000003
0.3,0.14,0.07719999999999999,0.063
0.3,0.16,0.19012,0.14776
0.3,0.18,0.29906000000000005,0.22636
0.3,0.2,0.3892799999999999,0.29208
0.3,0.22,0.45725999999999994,0.34196000000000004
0.3,0.24,0.5058600000000001,0.37984
0.3,0.26,0.5246200000000001,0.3937
0.3,0.28,0.5756999999999999,0.43522000000000005
0.3,0.3,0.5884199999999999,0.44972000000000006
0.3,0.32,0.6229199999999999,0.47644
0.3,0.34,0.64052,0.49012
0.3,0.36,0.6553800000000001,0.50504
0.3,0.38,0.6694800000000001,0.5195799999999999
0.3,0.4,0.68094,0.53
0.3,0.42,0.69096,0.53814
0.3,0.44,0.70266,0.55408
0.3,0.46,0.70892,0.5566599999999999
0.3,0.48,0.71648,0.56358
0.3,0.5,0.7226599999999999,0.5728399999999999
0.3,0.52,0.73002,0.5783999999999999
0.3,0.54,0.73762,0.58782
0.3,0.56,0.74292,0.59056
0.3,0.58,0.74418,0.59516
0.3,0.6,0.75032,0.59904
0.3,0.62,0.7534000000000001,0.60316
0.3,0.64,0.75796,0.6085999999999999
0.3,0.66,0.7602800000000001,0.6093999999999999
0.3,0.68,0.7618,0.61486
0.3,0.7000000000000001,0.76504,0.61624
0.3,0.72,0.76946,0.6190399999999999
0.3,0.74,0.7692399999999999,0.62052
0.3,0.76,0.7705200000000001,0.62378
0.3,0.78,0.7751200000000001,0.62776
0.3,0.8,0.77534,0.6273000000000001
0.3,0.8200000000000001,0.77712,0.62906
0.3,0.84,0.78084,0.6320200000000001
0.3,0.86,0.78136,0.63464
0.3,0.88,0.7803399999999999,0.63222
0.3,0.9,0.78424,0.6376
0.3,0.92,0.78226,0.6351600000000001
0.3,0.9400000000000001,0.7853600000000001,0.6395799999999999
0.3,0.96,0.7859,0.63656
0.3,0.98,0.7869999999999999,0.63804
0.3,1.0,0.7871200000000002,0.6378800000000001
0.32,0.0,0.00154,0.0014600000000000001
0.32,0.02,0.0019,0.00182
0.32,0.04,0.0021400000000000004,0.002
0.32,0.06,0.0032000000000000006,0.0029800000000000004
0.32,0.08,0.004900000000000001,0.00462
0.32,0.1,0.00578,0.0055000000000000005
0.32,0.12,0.0105,0.00968
0.32,0.14,0.07246000000000001,0.060020000000000004
0.32,0.16,0.22844,0.17484000000000002
0.32,0.18,0.29556,0.2208
0.32,0.2,0.3998999999999999,0.2945
0.32,0.22,0.41552,0.30720000000000003
0.32,0.24,0.51342,0.37726000000000004
0.32,0.26,0.5412,0.40153999999999995
0.32,0.28,0.5768,0.4316199999999999
0.32,0.3,0.60372,0.45410000000000006
0.32,0.32,0.62224,0.46672
0.32,0.34,0.64208,0.48747999999999997
0.32,0.36,0.6530799999999999,0.5003
0.32,0.38,0.6659999999999999,0.51192
0.32,0.4,0.6799599999999998,0.52632
0.32,0.42,0.69226,0.53656
0.32,0.44,0.70244,0.54686
0.32,0.46,0.7119599999999998,0.5544
0.32,0.48,0.72076,0.5658399999999999
0.32,0.5,0.7248399999999999,0.57168
0.32,0.52,0.73136,0.57676
0.32,0.54,0.7370599999999999,0.58026
0.32,0.56,0.7409800000000001,0.58436
0.32,0.58,0.74574,0.59096
0.32,0.6,0.7505799999999999,0.5978600000000001
0.32,0.62,0.7539200000000001,0.59856
0.32,0.64,0.7573400000000001,0.6028199999999999
0.32,0.66,0.76262,0.61042
0.32,0.68,0.7649199999999999,0.6113599999999999
0.32,0.7000000000000001,0.76794,0.6131
0.32,0.72,0.7696200000000001,0.61562
0.32,0.74,0.77366,0.62106
0.32,0.76,0.7745400000000001,0.6210600000000001
0.32,0.78,0.7739,0.6225
0.32,0.8,0.7787000000000002,0.62686
0.32,0.8200000000000001,0.77952,0.6265799999999999
0.32,0.84,0.7792399999999999,0.6275599999999999
0.32,0.86,0.78082,0.6292000000000001
0.32,0.88,0.7818200000000001,0.6316
0.32,0.9,0.7847800000000003,0.63234
0.32,0.92,0.7856799999999999,0.63618
0.32,0.9400000000000001,0.7860999999999998,0.6363599999999999
0.32,0.96,0.78738,0.6366200000000002
0.32,0.98,0.7870199999999999,0.6369
0.32,1.0,0.78742,0.6385399999999999
0.34,0.0,0.0012400000000000002,0.00118
0.34,0.02,0.00126,0.00116
0.34,0.04,0.00236,0.0022400000000000002
0.34,0.06,0.00386,0.00374
0.34,0.08,0.00386,0.0037
0.34,0.1,0.00642,0.006100000000000001
0.34,0.12,0.013080000000000001,0.011860000000000002
0.34,0.14,0.08617999999999998,0.06988
0.34,0.16,0.19644000000000003,0.14932
0.34,0.18,0.2969,0.21924000000000002
0.34,0.2,0.37368,0.27153999999999995
0.34,0.22,0.4562400000000001,0.33324
0.34,0.24,0.51292,0.37343999999999994
0.34,0.26,0.53622,0.39321999999999996
0.34,0.28,0.5784400000000001,0.42634
0.34,0.3,0.6003799999999999,0.44514
0.34,0.32,0.6215600000000001,0.46330000000000005
0.34,0.34,0.63978,0.48054
0.34,0.36,0.6557000000000001,0.49822000000000005
0.34,0.38,0.67012,0.5079400000000001
0.34,0.4,0.67964,0.5194399999999999
0.34,0.42,0.6898399999999999,0.52854
0.34,0.44,0.6999600000000001,0.5424
0.34,0.46,0.70866,0.54838
0.34,0.48,0.71724,0.55816
0.34,0.5,0.7265599999999999,0.56548
0.34,0.52,0.73044,0.5694
0.34,0.54,0.7377799999999999,0.57876
0.34,0.56,0.74476,0.5833399999999999
0.34,0.58,0.7459399999999999,0.5864199999999999
0.34,0.6,0.7528,0.59456
0.34,0.62,0.75702,0.5989999999999999
0.34,0.64,0.7557,0.59754
0.34,0.66,0.7618,0.6028
0.34,0.68,0.7647400000000002,0.6078600000000001
0.34,0.7000000000000001,0.76826,0.61074
0.34,0.72,0.7716399999999999,0.61606
0.34,0.74,0.7721399999999999,0.61588
0.34,0.76,0.7719,0.61358
0.34,0.78,0.77688,0.6189
0.34,0.8,0.7791800000000001,0.6225
0.34,0.8200000000000001,0.78022,0.6237800000000001
0.34,0.84,0.7808399999999999,0.6233
0.34,0.86,0.7818399999999999,0.6257
0.34,0.88,0.7832000000000002,0.62748
0.34,0.9,0.78502,0.6280600000000001
0.34,0.92,0.7855200000000001,0.6296200000000001
0.34,0.9400000000000001,0.7854000000000001,0.6315000000000001
0.34,0.96,0.7870400000000001,0.63554
0.34,0.98,0.78782,0.63424
0.34,1.0,0.7891400000000001,0.6350399999999999
0.36,0.0,0.0012400000000000002,0.0012200000000000002
0.36,0.02,0.00196,0.0018599999999999999
0.36,0.04,0.00358,0.0034000000000000002
0.36,0.06,0.00362,0.0033599999999999997
0.36,0.08,0.004520000000000001,0.0041800000000000006
0.36,0.1,0.0059,0.00544
0.36,0.12,0.0124,0.011120000000000001
0.36,0.14,0.10038,0.08048
0.36,0.16,0.20439999999999997,0.15244
0.36,0.18,0.28503999999999996,0.20724000000000004
0.36,0.2,0.38144000000000006,0.27364000000000005
0.36,0.22,0.4759399999999999,0.3402199999999999
0.36,0.24,0.48704000000000003,0.3498200000000001
0.36,0.26,0.52864,0.38114000000000003
0.36,0.28,0.5744199999999999,0.41769999999999996
0.36,0.3,0.6005999999999999,0.43845999999999996
0.36,0.32,0.6222000000000001,0.45811999999999997
0.36,0.34,0.6385,0.47452
0.36,0.36,0.6541800000000001,0.48968000000000006
0.36,0.38,0.6712400000000003,0.50566
0.36,0.4,0.68174,0.5166200000000001
0.36,0.42,0.69068,0.52546
0.36,0.44,0.7029799999999998,0.5373200000000001
0.36,0.46,0.71126,0.5428999999999999
0.36,0.48,0.7180999999999998,0.55294
0.36,0.5,0.72764,0.5632199999999999
0.36,0.52,0.7318199999999999,0.56696
0.36,0.54,0.73872,0.57302
0.36,0.56,0.7435999999999998,0.58026
0.36,0.58,0.74858,0.58432
0.36,0.6,0.75452,0.5909199999999999
0.36,0.62,0.755,0.5912
0.36,0.64,0.7581399999999999,0.59464
0.36,0.66,0.7613400000000001,0.5995199999999999
0.36,0.68,0.7681800000000001,0.6075
0.36,0.7000000000000001,0.76932,0.60812
0.36,0.72,0.76952,0.60838
0.36,0.74,0.77254,0.6125600000000001
0.36,0.76,0.77372,0.6152199999999999
0.36,0.78,0.7765200000000001,0.6159399999999999
0.36,0.8,0.7787799999999998,0.61908
0.36,0.8200000000000001,0.7785599999999999,0.61834
0.36,0.84,0.7813000000000001,0.6225799999999999
0.36,0.86,0.78348,0.6256
0.36,0.88,0.7840400000000001,0.6232800000000001
0.36,0.9,0.78668,0.62704
0.36,0.92,0.7864200000000001,0.62558
0.36,0.9400000000000001,0.78762,0.62828
0.36,0.96,0.7886799999999999,0.6304
0.36,0.98,0.7883200000000001,0.63032
0.36,1.0,0.7877799999999999,0.62848
0.38,0.0,0.00116,0.0010800000000000002
0.38,0.02,0.0017800000000000001,0.0016200000000000003
0.38,0.04,0.00288,0.00262
0.38,0.06,0.00318,0.0029800000000000004
0.38,0.08,0.00454,0.004240000000000001
0.38,0.1,0.005660000000000001,0.0054
0.38,0.12,0.0131,0.01214
0.38,0.14,0.07428,0.05922000000000001
0.38,0.16,0.17805999999999997,0.13138000000000002
0.38,0.18,0.31478,0.22457999999999997
0.38,0.2,0.33860000000000007,0.24004
0.38,0.22,0.44882,0.31708000000000003
0.38,0.24,0.5143800000000001,0.36379999999999996
0.38,0.26,0.5379,0.3846
0.38,0.28,0.56358,0.40562000000000004
0.38,0.3,0.5994599999999999,0.43388
0.38,0.32,0.6234,0.4557
0.38,0.34,0.64022,0.4706
0.38,0.36,0.6572999999999999,0.4873199999999999
0.38,0.38,0.66964,0.49794
0.38,0.4,0.6812800000000001,0.5124599999999999
0.38,0.42,0.6921200000000001,0.52142
0.38,0.44,0.70568,0.5340800000000001
0.38,0.46,0.7096399999999999,0.54006
0.38,0.48,0.72032,0.55064
0.38,0.5,0.7262000000000001,0.55548
0.38,0.52,0.7317800000000001,0.5633599999999999
0.38,0.54,0.7382000000000001,0.56788
0.38,0.56,0.7425199999999998,0.5744799999999999
0.38,0.58,0.7454800000000001,0.57982
0.38,0.6,0.7513,0.5856199999999999
0.38,0.62,0.7558800000000001,0.5908
0.38,0.64,0.7598600000000001,0.5937
0.38,0.66,0.76526,0.59914
0.38,0.68,0.7687400000000001,0.6035799999999999
0.38,0.7000000000000001,0.7687999999999999,0.6027800000000001
0.38,0.72,0.77062,0.60688
0.38,0.74,0.7728000000000002,0.61044
0.38,0.76,0.7766000000000001,0.61122
0.38,0.78,0.7785,0.61462
0.38,0.8,0.7794600000000002,0.6187600000000001
0.38,0.8200000000000001,0.78084,0.61614
0.38,0.84,0.7808400000000002,0.61964
0.38,0.86,0.7841,0.6217999999999999
0.38,0.88,0.7823,0.62022
0.38,0.9,0.7858999999999999,0.62392
0.38,0.92,0.78842,0.6249800000000001
0.38,0.9400000000000001,0.78966,0.62662
0.38,0.96,0.7897200000000001,0.62956
0.38,0.98,0.7919399999999999,0.6286800000000001
0.38,1.0,0.79086,0.63042
0.4,0.0,0.00114,0.0010600000000000002
0.4,0.02,0.0023400000000000005,0.0021600000000000005
0.4,0.04,0.00256,0.0024000000000000002
0.4,0.06,0.0029000000000000002,0.0027600000000000003
0.4,0.08,0.0038,0.0034999999999999996
0.4,0.1,0.005840000000000001,0.0054600000000000004
0.4,0.12,0.01142,0.01034
0.4,0.14,0.10084,0.07966000000000001
0.4,0.16,0.18038000000000004,0.13242
0.4,0.18,0.32334,0.22746
0.4,0.2,0.39280000000000004,0.27426
0.4,0.22,0.44466,0.30802
0.4,0.24,0.5064000000000001,0.35523999999999994
0.4,0.26,0.5463600000000001,0.38208
0.4,0.28,0.57898,0.4109400000000001
0.4,0.3,0.6034,0.4317599999999999
0.4,0.32,0.6258400000000001,0.45288000000000006
0.4,0.34,0.6381600000000001,0.46282
0.4,0.36,0.6541800000000001,0.48011999999999994
0.4,0.38,0.66986,0.4941
0.4,0.4,0.6854600000000001,0.5095200000000001
0.4,0.42,0.69464,0.5191800000000001
0.4,0.44,0.70422,0.52962
0.4,0.46,0.7119999999999999,0.5356400000000001
0.4,0.48,0.7191,0.5440400000000001
0.4,0.5,0.7258199999999998,0.5523
0.4,0.52,0.73048,0.55604
0.4,0.54,0.73722,0.56316
0.4,0.56,0.7454600000000002,0.57182
0.4,0.58,0.7499000000000001,0.57762
0.4,0.6,0.7536800000000001,0.58178
0.4,0.62,0.7578600000000002,0.5863799999999999
0.4,0.64,0.76266,0.59244
0.4,0.66,0.76346,0.5951000000000001
0.4,0.68,0.7658000000000001,0.59552
0.4,0.7000000000000001,0.7679,0.5992799999999999
0.4,0.72,0.7723800000000002,0.60458
0.4,0.74,0.7745400000000001,0.60514
0.4,0.76,0.7771399999999999,0.60984
0.4,0.78,0.78006,0.61088
0.4,0.8,0.7775000000000002,0.60976
0.4,0.8200000000000001,0.7818599999999999,0.61372
0.4,0.84,0.7842199999999999,0.61848
0.4,0.86,0.78474,0.6176400000000001
0.4,0.88,0.78688,0.61824
0.4,0.9,0.78452,0.61738
0.4,0.92,0.7885800000000001,0.62246
0.4,0.9400000000000001,0.78738,0.62042
0.4,0.96,0.7881199999999998,0.62268
0.4,0.98,0.7902999999999999,0.6241199999999999
0.4,1.0,0.7910600000000001,0.62578
0.42,0.0,0.0015800000000000002,0.0015400000000000004
0.42,0.02,0.0015400000000000004,0.0014000000000000002
0.42,0.04,0.00288,0.0027400000000000002
0.42,0.06,0.0031400000000000004,0.00288
0.42,0.08,0.00532,0.00484
0.42,0.1,0.006999999999999999,0.00636
0.42,0.12,0.013460000000000001,0.012119999999999999
0.42,0.14,0.08195999999999999,0.06398000000000001
0.42,0.16,0.24456000000000003,0.17615999999999998
0.42,0.18,0.30568,0.21028
0.42,0.2,0.3811,0.26123999999999997
0.42,0.22,0.46,0.31493999999999994
0.42,0.24,0.5100600000000001,0.35263999999999995
0.42,0.26,0.5479400000000001,0.38104
0.42,0.28,0.5663799999999999,0.3975200000000001
0.42,0.3,0.6027,0.4269399999999999
0.42,0.32,0.6274599999999999,0.44913999999999993
0.42,0.34,0.64296,0.46162
0.42,0.36,0.65384,0.4750599999999999
0.42,0.38,0.6696000000000001,0.48930000000000007
0.42,0.4,0.68464,0.50462
0.42,0.42,0.6960200000000001,0.51556
0.42,0.44,0.70308,0.5231600000000001
0.42,0.46,0.7135400000000002,0.5368400000000001
0.42,0.48,0.7197200000000001,0.54166
0.42,0.5,0.7267199999999999,0.54918
0.42,0.52,0.73088,0.55402
0.42,0.54,0.7380399999999999,0.56062
0.42,0.56,0.74358,0.56924
0.42,0.58,0.75088,0.57514
0.42,0.6,0.7543199999999999,0.57888
0.42,0.62,0.7558000000000001,0.58046
0.42,0.64,0.76146,0.5856399999999999
0.42,0.66,0.7654200000000002,0.5912
0.42,0.68,0.7672,0.59364
0.42,0.7000000000000001,0.7691400000000002,0.59618
0.42,0.72,0.7718600000000001,0.5978
0.42,0.74,0.77542,0.6025999999999999
0.42,0.76,0.7747200000000001,0.60432
0.42,0.78,0.78118,0.60862
0.42,0.8,0.7810799999999999,0.60836
0.42,0.8200000000000001,0.78214,0.61098
0.42,0.84,0.78336,0.6115400000000001
0.42,0.86,0.78318,0.61386
0.42,0.88,0.7845400000000001,0.61446
0.42,0.9,0.7863799999999999,0.61602
0.42,0.92,0.78664,0.61544
0.42,0.9400000000000001,0.78962,0.61946
0.42,0.96,0.7892199999999999,0.62144
0.42,0.98,0.78964,0.6199800000000001
0.42,1.0,0.7912600000000001,0.62244
0.44,0.0,0.0010400000000000001,0.00096
0.44,0.02,0.002,0.0019
0.44,0.04,0.00262,0.00238
0.44,0.06,0.00402,0.00382
0.44,0.08,0.005600000000000001,0.00526
0.44,0.1,0.00506,0.004660000000000001
0.44,0.12,0.01052,0.00954
0.44,0.14,0.0759,0.058339999999999996
0.44,0.16,0.23778000000000002,0.16690000000000002
0.44,0.18,0.32362,0.22116
0.44,0.2,0.37832,0.25554
0.44,0.22,0.4397,0.29797999999999997
0.44,0.24,0.49927999999999995,0.33736000000000005
0.44,0.26,0.53706,0.36705999999999994
0.44,0.28,0.58276,0.40449999999999997
0.44,0.3,0.60376,0.42332000000000003
0.44,0.32,0.6213000000000001,0.43892000000000003
0.44,0.34,0.6397400000000001,0.4566200000000001
0.44,0.36,0.6593000000000001,0.47258
0.44,0.38,0.6744199999999999,0.4894200000000001
0.44,0.4,0.68608,0.49918
0.44,0.42,0.6931999999999999,0.50934
0.44,0.44,0.70542,0.5206200000000001
0.44,0.46,0.7146000000000001,0.5282399999999999
0.44,0.48,0.71978,0.53644
0.44,0.5,0.7263200000000001,0.5429200000000001
0.44,0.52,0.7332599999999999,0.552
0.44,0.54,0.7391,0.5589000000000001
0.44,0.56,0.7430399999999999,0.5599599999999999
0.44,0.58,0.7487999999999999,0.56958
0.44,0.6,0.7526,0.57216
0.44,0.62,0.7559999999999999,0.57858
0.44,0.64,0.7608400000000001,0.5805400000000001
0.44,0.66,0.7642,0.58648
0.44,0.68,0.7660600000000001,0.58898
0.44,0.7000000000000001,0.77022,0.5951799999999999
0.44,0.72,0.77298,0.5965
0.44,0.74,0.7761200000000003,0.6003000000000001
0.44,0.76,0.7783400000000001,0.6031
0.44,0.78,0.77822,0.60496
0.44,0.8,0.7799799999999999,0.60568
0.44,0.8200000000000001,0.7824599999999999,0.60892
0.44,0.84,0.78566,0.61222
0.44,0.86,0.7861199999999999,0.61326
0.44,0.88,0.7862200000000001,0.6125799999999999
0.44,0.9,0.78684,0.6132799999999999
0.44,0.92,0.7877000000000001,0.61486
0.44,0.9400000000000001,0.7893799999999999,0.6193000000000001
0.44,0.96,0.7893399999999998,0.61764
0.44,0.98,0.7901400000000001,0.61954
0.44,1.0,0.7914,0.62036
0.46,0.0,0.00092,0.0008
0.46,0.02,0.0019000000000000002,0.0017600000000000003
0.46,0.04,0.00266,0.0024200000000000003
0.46,0.06,0.00396,0.0037
0.46,0.08,0.00404,0.00386
0.46,0.1,0.005900000000000001,0.005580000000000001
0.46,0.12,0.01098,0.01
0.46,0.14,0.08374000000000001,0.06376
0.46,0.16,0.19631999999999997,0.13702000000000003
0.46,0.18,0.29754,0.20095999999999997
0.46,0.2,0.39432,0.26188
0.46,0.22,0.45704,0.30279999999999996
0.46,0.24,0.48094000000000003,0.32208
0.46,0.26,0.53716,0.3631400000000001
0.46,0.28,0.5773600000000001,0.3962999999999999
0.46,0.3,0.60272,0.41672000000000003
0.46,0.32,0.6219,0.43632000000000004
0.46,0.34,0.6399000000000001,0.45282000000000006
0.46,0.36,0.6576199999999999,0.46796
0.46,0.38,0.67104,0.48297999999999996
0.46,0.4,0.68336,0.4933600000000001
0.46,0.42,0.69168,0.50324
0.46,0.44,0.7055400000000001,0.5168
0.46,0.46,0.7126200000000001,0.52538
0.46,0.48,0.7263199999999999,0.5409400000000002
0.46,0.5,0.72958,0.5420000000000001
0.46,0.52,0.7360799999999997,0.5496000000000001
0.46,0.54,0.7417999999999998,0.5569
0.46,0.56,0.74478,0.5599399999999999
0.46,0.58,0.74696,0.5637599999999999
0.46,0.6,0.75318,0.56944
0.46,0.62,0.75822,0.5774199999999999
0.46,0.64,0.76178,0.58032
0.46,0.66,0.76554,0.58406
0.46,0.68,0.7672200000000001,0.58788
0.46,0.7000000000000001,0.7714400000000002,0.58992
0.46,0.72,0.7728800000000001,0.5923999999999999
0.46,0.74,0.77586,0.59598
0.46,0.76,0.77842,0.60038
0.46,0.78,0.7779400000000001,0.60014
0.46,0.8,0.7814600000000002,0.6040800000000001
0.46,0.8200000000000001,0.78386,0.6063999999999999
0.46,0.84,0.7847799999999999,0.60592
0.46,0.86,0.7865400000000001,0.60938
0.46,0.88,0.7878000000000001,0.6111800000000001
0.46,0.9,0.7903600000000001,0.6126799999999999
0.46,0.92,0.7910200000000001,0.61442
0.46,0.9400000000000001,0.7902800000000001,0.6136
0.46,0.96,0.79098,0.61414
0.46,0.98,0.7931,0.6167199999999999
0.46,1.0,0.7934199999999998,0.61964
0.48,0.0,0.0011600000000000002,0.0010600000000000002
0.48,0.02,0.0014000000000000002,0.00134
0.48,0.04,0.0025,0.0024
0.48,0.06,0.0037,0.003300000000000001
0.48,0.08,0.00508,0.00468
0.48,0.1,0.00738,0.00688
0.48,0.12,0.012180000000000002,0.01094
0.48,0.14,0.0851,0.06570000000000001
0.48,0.16,0.22346,0.15388000000000002
0.48,0.18,0.30166,0.19963999999999998
0.48,0.2,0.40672,0.26468
0.48,0.22,0.44665999999999995,0.29496
0.48,0.24,0.5003799999999999,0.32962
0.48,0.26,0.5486000000000001,0.36664
0.48,0.28,0.57948,0.39308
0.48,0.3,0.6042799999999999,0.4148799999999999
0.48,0.32,0.62156,0.42846000000000006
0.48,0.34,0.6412,0.44802
0.48,0.36,0.65598,0.46108
0.48,0.38,0.6717799999999999,0.4784799999999999
0.48,0.4,0.686,0.49095999999999995
0.48,0.42,0.69422,0.5025400000000001
0.48,0.44,0.7041799999999999,0.50834
0.48,0.46,0.71478,0.5229400000000001
0.48,0.48,0.7202600000000001,0.53096
0.48,0.5,0.7287,0.5389
0.48,0.52,0.73442,0.5448200000000001
0.48,0.54,0.7386399999999999,0.5492800000000001
0.48,0.56,0.7445800000000001,0.5579000000000001
0.48,0.58,0.75052,0.56328
0.48,0.6,0.75354,0.5677400000000001
0.48,0.62,0.7581599999999998,0.5726800000000001
0.48,0.64,0.75964,0.57538
0.48,0.66,0.7644600000000001,0.57946
0.48,0.68,0.7683199999999999,0.58468
0.48,0.7000000000000001,0.77242,0.59002
0.48,0.72,0.7725,0.5920799999999999
0.48,0.74,0.7733600000000002,0.5912999999999999
0.48,0.76,0.7772800000000001,0.59758
0.48,0.78,0.77996,0.59744
0.48,0.8,0.7825600000000001,0.60082
0.48,0.8200000000000001,0.7818799999999999,0.6036799999999999
0.48,0.84,0.7843200000000001,0.6050800000000001
0.48,0.86,0.78574,0.6028
0.48,0.88,0.7894799999999997,0.60822
0.48,0.9,0.78888,0.6083799999999999
0.48,0.92,0.7877200000000001,0.60932
0.48,0.9400000000000001,0.7903200000000001,0.6092
0.48,0.96,0.79046,0.6112599999999999
0.48,0.98,0.7927,0.61414
0.48,1.0,0.7936400000000002,0.6148399999999999
0.5,0.0,0.0012200000000000002,0.0012000000000000001
0.5,0.02,0.0017000000000000003,0.0016200000000000003
0.5,0.04,0.0032400000000000003,0.00306
0.5,0.06,0.00272,0.00254
0.5,0.08,0.00404,0.0038
0.5,0.1,0.00544,0.0051
0.5,0.12,0.01254,0.0114
0.5,0.14,0.08448000000000003,0.06348
0.5,0.16,0.19635999999999998,0.13212000000000002
0.5,0.18,0.2747,0.17764
0.5,0.2,0.40238,0.25917999999999997
0.5,0.22,0.46004000000000006,0.29663999999999996
0.5,0.24,0.5026,0.3276800000000001
0.5,0.26,0.53566,0.35367999999999994
0.5,0.28,0.5706799999999999,0.38224
0.5,0.3,0.6032,0.4097
0.5,0.32,0.62868,0.43106
0.5,0.34,0.64094,0.44362
0.5,0.36,0.6552800000000001,0.45781999999999995
0.5,0.38,0.6724,0.47365999999999997
0.5,0.4,0.6816,0.4832
0.5,0.42,0.69592,0.4959199999999999
0.5,0.44,0.70574,0.5076999999999999
0.5,0.46,0.71316,0.5161600000000001
0.5,0.48,0.7224600000000001,0.52298
0.5,0.5,0.72976,0.53352
0.5,0.52,0.7328000000000001,0.53708
0.5,0.54,0.74116,0.5483
0.5,0.56,0.7458600000000001,0.55418
0.5,0.58,0.7497400000000001,0.5595
0.5,0.6,0.7555599999999998,0.56582
0.5,0.62,0.7619800000000001,0.57282
0.5,0.64,0.76362,0.5759799999999999
0.5,0.66,0.7659200000000002,0.5783200000000001
0.5,0.68,0.76756,0.5816599999999998
0.5,0.7000000000000001,0.77018,0.58424
0.5,0.72,0.7742,0.589
0.5,0.74,0.7774,0.59186
0.5,0.76,0.7783,0.5925199999999999
0.5,0.78,0.78034,0.5957399999999999
0.5,0.8,0.78,0.5972999999999999
0.5,0.8200000000000001,0.7849200000000001,0.5990199999999999
0.5,0.84,0.7875600000000001,0.60484
0.5,0.86,0.78778,0.602
0.5,0.88,0.7876000000000001,0.60478
0.5,0.9,0.7904599999999999,0.60668
0.5,0.92,0.7896,0.60754
0.5,0.9400000000000001,0.7903600000000001,0.6067
0.5,0.96,0.79194,0.6112
0.5,0.98,0.7935800000000001,0.6124200000000001
0.5,1.0,0.7964,0.6134200000000001
0.52,0.0,0.0014600000000000001,0.0013800000000000002
0.52,0.02,0.0017800000000000001,0.0017000000000000001
0.52,0.04,0.00308,0.0027800000000000004
0.52,0.06,0.00316,0.0029800000000000004
0.52,0.08,0.00512,0.0047799999999999995
0.52,0.1,0.00614,0.00578
0.52,0.12,0.013480000000000002,0.012000000000000002
0.52,0.14,0.09144000000000001,0.06768
0.52,0.16,0.20912000000000003,0.13846
0.52,0.18,0.30938,0.19698000000000004
0.52,0.2,0.41302,0.26110000000000005
0.52,0.22,0.44833999999999996,0.28756
0.52,0.24,0.50764,0.32566
0.52,0.26,0.5433600000000001,0.35134
0.52,0.28,0.5780999999999998,0.38245999999999997
0.52,0.3,0.6032,0.4024399999999999
0.52,0.32,0.6247799999999999,0.42267999999999994
0.52,0.34,0.64468,0.44104
0.52,0.36,0.6579800000000001,0.45614000000000005
0.52,0.38,0.6731600000000002,0.47069999999999995
0.52,0.4,0.6858599999999998,0.48
0.52,0.42,0.6963199999999999,0.49508
0.52,0.44,0.70614,0.5054000000000001
0.52,0.46,0.7139,0.51408
0.52,0.48,0.71914,0.51896
0.52,0.5,0.7316400000000001,0.5332000000000001
0.52,0.52,0.73592,0.53944
0.52,0.54,0.7395599999999999,0.54352
0.52,0.56,0.7463999999999998,0.55264
0.52,0.58,0.75146,0.55684
0.52,0.6,0.7526600000000001,0.5592999999999999
0.52,0.62,0.7578,0.56748
0.52,0.64,0.7654800000000002,0.57146
0.52,0.66,0.7654,0.57522
0.52,0.68,0.7698800000000001,0.58066
0.52,0.7000000000000001,0.77136,0.58032
0.52,0.72,0.7739,0.58418
0.52,0.74,0.7777000000000001,0.58966
0.52,0.76,0.78086,0.59294
0.52,0.78,0.7806800000000002,0.59254
0.52,0.8,0.7823,0.59492
0.52,0.8200000000000001,0.7865800000000002,0.59778
0.52,0.84,0.7881800000000001,0.6012
0.52,0.86,0.78654,0.6004599999999999
0.52,0.88,0.78886,0.6040800000000001
0.52,0.9,0.7894000000000001,0.6038
0.52,0.92,0.79194,0.60394
0.52,0.9400000000000001,0.792,0.6094999999999999
0.52,0.96,0.7936399999999999,0.60592
0.52,0.98,0.794,0.6087400000000001
0.52,1.0,0.7959999999999999,0.61176
0.54,0.0,0.0011200000000000001,0.0010400000000000001
0.54,0.02,0.00206,0.00192
0.54,0.04,0.0024200000000000003,0.0022600000000000003
0.54,0.06,0.0031600000000000005,0.0029200000000000003
0.54,0.08,0.00536,0.0051
0.54,0.1,0.007300000000000001,0.0068000000000000005
0.54,0.12,0.01194,0.0106
0.54,0.14,0.09165999999999999,0.06678
0.54,0.16,0.2047,0.13484
0.54,0.18,0.33616000000000007,0.20978000000000002
0.54,0.2,0.37766000000000005,0.23627999999999996
0.54,0.22,0.4591800000000001,0.28922000000000003
0.54,0.24,0.48436,0.30554000000000003
0.54,0.26,0.55244,0.3547
0.54,0.28,0.56596,0.36854
0.54,0.3,0.59032,0.39020000000000005
0.54,0.32,0.6238600000000001,0.41775999999999996
0.54,0.34,0.6406000000000001,0.43450000000000005
0.54,0.36,0.6592000000000001,0.45204
0.54,0.38,0.6742199999999999,0.46515999999999996
0.54,0.4,0.6851600000000001,0.47763999999999995
0.54,0.42,0.6980000000000001,0.4917399999999999
0.54,0.44,0.7051,0.50074
0.54,0.46,0.7121999999999999,0.5070600000000001
0.54,0.48,0.72512,0.5193
0.54,0.5,0.72926,0.52824
0.54,0.52,0.736,0.5349400000000001
0.54,0.54,0.7404,0.5391400000000001
0.54,0.56,0.7467400000000001,0.54644
0.54,0.58,0.75186,0.5534
0.54,0.6,0.7558799999999999,0.55966
0.54,0.62,0.75908,0.56396
0.54,0.64,0.7646200000000001,0.57144
0.54,0.66,0.76634,0.5722
0.54,0.68,0.77004,0.5770399999999999
0.54,0.7000000000000001,0.77408,0.5794199999999999
0.54,0.72,0.7750400000000001,0.5821999999999999
0.54,0.74,0.77854,0.58532
0.54,0.76,0.7804800000000002,0.58968
0.54,0.78,0.7829599999999999,0.59248
0.54,0.8,0.7830600000000001,0.5932999999999999
0.54,0.8200000000000001,0.7836399999999999,0.5917800000000001
0.54,0.84,0.7881200000000002,0.59932
0.54,0.86,0.787,0.59822
0.54,0.88,0.79038,0.5998600000000001
0.54,0.9,0.78948,0.5999
0.54,0.92,0.7919999999999999,0.60358
0.54,0.9400000000000001,0.79342,0.60244
0.54,0.96,0.7931400000000001,0.60668
0.54,0.98,0.7939,0.6078399999999999
0.54,1.0,0.7958,0.6088800000000001
0.56,0.0,0.0011,0.00094
0.56,0.02,0.00214,0.00202
0.56,0.04,0.00266,0.0024000000000000002
0.56,0.06,0.00404,0.00374
0.56,0.08,0.0051,0.004860000000000001
0.56,0.1,0.0053,0.005
0.56,0.12,0.013300000000000001,0.01198
0.56,0.14,0.09878,0.07182000000000001
0.56,0.16,0.21202,0.13722
0.56,0.18,0.2816,0.17318
0.56,0.2,0.38000000000000006,0.23167999999999997
0.56,0.22,0.44920000000000004,0.27653999999999995
0.56,0.24,0.4938,0.3074
0.56,0.26,0.5436,0.3409
0.56,0.28,0.56672,0.36451999999999996
0.56,0.3,0.60744,0.39948
0.56,0.32,0.62742,0.41588
0.56,0.34,0.63986,0.42507999999999996
0.56,0.36,0.66132,0.44789999999999996
0.56,0.38,0.6742200000000002,0.46358000000000005
0.56,0.4,0.68914,0.47956000000000004
0.56,0.42,0.69718,0.48634000000000005
0.56,0.44,0.7051199999999999,0.49704
0.56,0.46,0.7154399999999999,0.50812
0.56,0.48,0.7217199999999999,0.5162400000000001
0.56,0.5,0.7273599999999999,0.52362
0.56,0.52,0.73726,0.53462
0.56,0.54,0.7431399999999999,0.54108
0.56,0.56,0.74878,0.54832
0.56,0.58,0.7510799999999999,0.55038
0.56,0.6,0.7565999999999999,0.55452
0.56,0.62,0.7614000000000002,0.5615800000000001
0.56,0.64,0.7624600000000001,0.5615200000000001
0.56,0.66,0.7661399999999999,0.56804
0.56,0.68,0.7703800000000001,0.5740799999999999
0.56,0.7000000000000001,0.77372,0.5785399999999999
0.56,0.72,0.7769199999999999,0.5819
0.56,0.74,0.7783599999999999,0.5816199999999999
0.56,0.76,0.7798599999999999,0.5851
0.56,0.78,0.78378,0.58912
0.56,0.8,0.78352,0.58904
0.56,0.8200000000000001,0.7857400000000001,0.59214
0.56,0.84,0.7875799999999998,0.59524
0.56,0.86,0.7886599999999998,0.5981799999999999
0.56,0.88,0.7909799999999998,0.59688
0.56,0.9,0.7901599999999999,0.59912
0.56,0.92,0.7921,0.60304
0.56,0.9400000000000001,0.79396,0.60258
0.56,0.96,0.7942800000000001,0.60464
0.56,0.98,0.7945800000000002,0.6041799999999999
0.56,1.0,0.7966799999999999,0.60838
0.58,0.0,0.00132,0.00118
0.58,0.02,0.0020800000000000003,0.0018599999999999999
0.58,0.04,0.0028200000000000005,0.0027
0.58,0.06,0.004220000000000001,0.0041600000000000005
0.58,0.08,0.00376,0.00362
0.58,0.1,0.00656,0.006080000000000001
0.58,0.12,0.011000000000000001,0.009880000000000002
0.58,0.14,0.08058,0.05834
0.58,0.16,0.20873999999999998,0.13166
0.58,0.18,0.29142,0.17636
0.58,0.2,0.39486000000000004,0.23732
0.58,0.22,0.43052,0.25981999999999994
0.58,0.24,0.51374,0.31558
0.58,0.26,0.5527599999999999,0.34438
0.58,0.28,0.5815400000000001,0.37036
0.58,0.3,0.5943999999999999,0.38516
0.58,0.32,0.6260600000000001,0.41124000000000005
0.58,0.34,0.6386400000000001,0.4219600000000001
0.58,0.36,0.6590799999999999,0.444
0.58,0.38,0.6765400000000001,0.46142000000000005
0.58,0.4,0.6879400000000001,0.47497999999999996
0.58,0.42,0.6933,0.47914
0.58,0.44,0.7097800000000001,0.4957800000000001
0.58,0.46,0.7152000000000001,0.50412
0.58,0.48,0.7242000000000001,0.5134599999999999
0.58,0.5,0.73146,0.5218
0.58,0.52,0.7352599999999999,0.52962
0.58,0.54,0.7422799999999999,0.53522
0.58,0.56,0.7452399999999999,0.53978
0.58,0.58,0.7518199999999999,0.5483
0.58,0.6,0.7569,0.5528000000000001
0.58,0.62,0.7611199999999999,0.5579999999999999
0.58,0.64,0.7645800000000001,0.56088
0.58,0.66,0.7674199999999999,0.5649799999999999
0.58,0.68,0.7702000000000001,0.57098
0.58,0.7000000000000001,0.7735999999999998,0.57172
0.58,0.72,0.7744599999999999,0.5756800000000001
0.58,0.74,0.7777600000000001,0.57892
0.58,0.76,0.7793800000000001,0.58284
0.58,0.78,0.7815599999999999,0.5870599999999999
0.58,0.8,0.78412,0.58718
0.58,0.8200000000000001,0.78628,0.5893399999999999
0.58,0.84,0.7852000000000001,0.5897000000000001
0.58,0.86,0.78888,0.59476
0.58,0.88,0.7912,0.59408
0.58,0.9,0.7919799999999999,0.59906
0.58,0.92,0.7916799999999999,0.59774
0.58,0.9400000000000001,0.79478,0.6006800000000001
0.58,0.96,0.7947799999999998,0.6021
0.58,0.98,0.7963799999999999,0.60398
0.58,1.0,0.7960599999999998,0.60492
0.6,0.0,0.0011200000000000001,0.00098
0.6,0.02,0.0016000000000000003,0.0014800000000000002
0.6,0.04,0.0027400000000000002,0.00266
0.6,0.06,0.00362,0.00342
0.6,0.08,0.0045000000000000005,0.00412
0.6,0.1,0.00636,0.00592
0.6,0.12,0.0128,0.0113
0.6,0.14,0.09532000000000002,0.06720000000000001
0.6,0.16,0.18132,0.11429999999999998
0.6,0.18,0.3102,0.18628
0.6,0.2,0.38688,0.22800000000000004
0.6,0.22,0.47224000000000005,0.28112
0.6,0.24,0.51344,0.3103
0.6,0.26,0.5491400000000001,0.33832
0.6,0.28,0.58024,0.36418
0.6,0.3,0.60526,0.38770000000000004
0.6,0.32,0.6098,0.39555999999999997
0.6,0.34,0.6469400000000001,0.42722
0.6,0.36,0.6564800000000001,0.43694000000000005
0.6,0.38,0.67606,0.45618000000000003
0.6,0.4,0.6868999999999998,0.46918
0.6,0.42,0.6994600000000001,0.4795599999999999
0.6,0.44,0.7034799999999999,0.48666000000000004
0.6,0.46,0.715,0.5003799999999999
0.6,0.48,0.7250599999999998,0.5138
0.6,0.5,0.7299999999999999,0.51824
0.6,0.52,0.7368600000000001,0.52352
0.6,0.54,0.7442599999999999,0.53652
0.6,0.56,0.7485200000000001,0.53966
0.6,0.58,0.7531599999999998,0.54436
0.6,0.6,0.7575,0.55094
0.6,0.62,0.75908,0.55444
0.6,0.64,0.76616,0.56232
0.6,0.66,0.7655,0.5624799999999999
0.6,0.68,0.7722199999999999,0.56798
0.6,0.7000000000000001,0.7756000000000001,0.5743
0.6,0.72,0.7761200000000001,0.5737399999999999
0.6,0.74,0.7797,0.57806
0.6,0.76,0.78034,0.58346
0.6,0.78,0.7826800000000002,0.5826999999999999
0.6,0.8,0.78542,0.5855400000000001
0.6,0.8200000000000001,0.7875400000000002,0.58954
0.6,0.84,0.7889,0.58998
0.6,0.86,0.7889199999999998,0.59234
0.6,0.88,0.79024,0.59248
0.6,0.9,0.79072,0.5933999999999999
0.6,0.92,0.79268,0.59532
0.6,0.9400000000000001,0.7946000000000001,0.59854
0.6,0.96,0.7975599999999998,0.6008399999999999
0.6,0.98,0.79732,0.6014200000000001
0.6,1.0,0.7963599999999998,0.60022
0.62,0.0,0.0011400000000000002,0.0011200000000000001
0.62,0.02,0.0016,0.0015400000000000004
0.62,0.04,0.0035000000000000005,0.003280000000000001
0.62,0.06,0.00266,0.0024
0.62,0.08,0.00398,0.0037000000000000006
0.62,0.1,0.00574,0.00534
0.62,0.12,0.01018,0.009240000000000002
0.62,0.14,0.06816,0.048900000000000006
0.62,0.16,0.22016,0.137
0.62,0.18,0.29222000000000004,0.16991999999999996
0.62,0.2,0.36912,0.21452000000000002
0.62,0.22,0.42719999999999997,0.25034
0.62,0.24,0.48184000000000005,0.2863
0.62,0.26,0.5354200000000001,0.32425999999999994
0.62,0.28,0.5689599999999999,0.3528800000000001
0.62,0.3,0.5928,0.3738
0.62,0.32,0.6244000000000001,0.3998
0.62,0.34,0.6432599999999999,0.41914
0.62,0.36,0.6589999999999999,0.43468
0.62,0.38,0.6765399999999999,0.45232
0.62,0.4,0.6862599999999999,0.46622
0.62,0.42,0.6958799999999998,0.47456000000000004
0.62,0.44,0.7049799999999999,0.48602000000000006
0.62,0.46,0.7141599999999998,0.49486
0.62,0.48,0.7209,0.5043599999999999
0.62,0.5,0.7277999999999999,0.51388
0.62,0.52,0.7376999999999999,0.52412
0.62,0.54,0.7433999999999998,0.5310199999999999
0.62,0.56,0.7465,0.5349200000000001
0.62,0.58,0.7520599999999998,0.54116
0.62,0.6,0.7569400000000002,0.5486
0.62,0.62,0.7615999999999999,0.5528
0.62,0.64,0.76512,0.5567799999999999
0.62,0.66,0.7669600000000001,0.55848
0.62,0.68,0.7726600000000002,0.56608
0.62,0.7000000000000001,0.7750800000000001,0.56914
0.62,0.72,0.77834,0.5747599999999999
0.62,0.74,0.77886,0.5762799999999999
0.62,0.76,0.7815199999999999,0.57918
0.62,0.78,0.7837599999999999,0.58034
0.62,0.8,0.78462,0.5844799999999999
0.62,0.8200000000000001,0.7859999999999999,0.5848599999999999
0.62,0.84,0.78938,0.5883599999999999
0.62,0.86,0.7912,0.58858
0.62,0.88,0.7918799999999999,0.5919199999999999
0.62,0.9,0.7934,0.5915199999999999
0.62,0.92,0.79222,0.59332
0.62,0.9400000000000001,0.79372,0.5932
0.62,0.96,0.7966599999999999,0.59832
0.62,0.98,0.7951400000000001,0.5957199999999999
0.62,1.0,0.7979799999999999,0.59882
0.64,0.0,0.0010199999999999999,0.0008799999999999999
0.64,0.02,0.00184,0.00164
0.64,0.04,0.0028400000000000005,0.00266
0.64,0.06,0.0034800000000000005,0.0033799999999999998
0.64,0.08,0.00398,0.00376
0.64,0.1,0.00512,0.00484
0.64,0.12,0.01574,0.013600000000000001
0.64,0.14,0.08098000000000001,0.057400000000000014
0.64,0.16,0.17122,0.10367999999999998
0.64,0.18,0.2714,0.15666
0.64,0.2,0.40265999999999996,0.2308
0.64,0.22,0.4580599999999999,0.26458000000000004
0.64,0.24,0.49802,0.29282
0.64,0.26,0.53934,0.32256
0.64,0.28,0.57934,0.35504
0.64,0.3,0.60326,0.37482000000000004
0.64,0.32,0.62746,0.39964000000000005
0.64,0.34,0.64598,0.41881999999999997
0.64,0.36,0.6606399999999999,0.43294000000000005
0.64,0.38,0.6744800000000001,0.44589999999999996
0.64,0.4,0.68672,0.4603
0.64,0.42,0.6973200000000002,0.47120000000000006
0.64,0.44,0.7095799999999999,0.48690000000000005
0.64,0.46,0.71786,0.49588
0.64,0.48,0.72366,0.50338
0.64,0.5,0.73082,0.5113
0.64,0.52,0.73942,0.52176
0.64,0.54,0.7414999999999999,0.52786
0.64,0.56,0.7500999999999999,0.5345399999999999
0.64,0.58,0.7539800000000001,0.54
0.64,0.6,0.75768,0.54462
0.64,0.62,0.76122,0.5522199999999999
0.64,0.64,0.7665000000000001,0.5579
0.64,0.66,0.7677400000000002,0.55742
0.64,0.68,0.7715400000000001,0.56428
0.64,0.7000000000000001,0.7749000000000001,0.5677
0.64,0.72,0.7768599999999999,0.56878
0.64,0.74,0.78058,0.57284
0.64,0.76,0.7823,0.5789
0.64,0.78,0.7839600000000001,0.5811
0.64,0.8,0.7859,0.58
0.64,0.8200000000000001,0.7863999999999999,0.58168
0.64,0.84,0.79026,0.58536
0.64,0.86,0.7915400000000002,0.5874999999999999
0.64,0.88,0.7908200000000001,0.58784
0.64,0.9,0.79208,0.58944
0.64,0.92,0.7943600000000001,0.5933199999999998
0.64,0.9400000000000001,0.7942800000000001,0.5902
0.64,0.96,0.79636,0.5953799999999999
0.64,0.98,0.79872,0.59894
0.64,1.0,0.79722,0.5970599999999999
0.66,0.0,0.0009,0.0008
0.66,0.02,0.0022400000000000002,0.0021200000000000004
0.66,0.04,0.00228,0.0021400000000000004
0.66,0.06,0.0033800000000000006,0.0032400000000000007
0.66,0.08,0.00456,0.004280000000000001
0.66,0.1,0.005880000000000001,0.0054600000000000004
0.66,0.12,0.01072,0.009600000000000001
0.66,0.14,0.09718,0.06626
0.66,0.16,0.20006000000000002,0.11825999999999999
0.66,0.18,0.30454000000000003,0.17214
0.66,0.2,0.3680599999999999,0.20600000000000002
0.66,0.22,0.4551799999999999,0.25697999999999993
0.66,0.24,0.5018,0.29156
0.66,0.26,0.5367400000000001,0.31622000000000006
0.66,0.28,0.5789399999999999,0.3515399999999999
0.66,0.3,0.60152,0.36898
0.66,0.32,0.62608,0.3931
0.66,0.34,0.64374,0.41223999999999994
0.66,0.36,0.6628400000000001,0.43104
0.66,0.38,0.6738999999999998,0.44162
0.66,0.4,0.68464,0.45438
0.66,0.42,0.6978,0.4701600000000001
0.66,0.44,0.7074600000000001,0.47988
0.66,0.46,0.7148,0.49052
0.66,0.48,0.7242999999999999,0.5015999999999999
0.66,0.5,0.7297599999999999,0.50812
0.66,0.52,0.74106,0.5205
0.66,0.54,0.74698,0.527
0.66,0.56,0.74842,0.53166
0.66,0.58,0.7536799999999999,0.53694
0.66,0.6,0.7572399999999999,0.54098
0.66,0.62,0.76416,0.5500400000000001
0.66,0.64,0.76426,0.55036
0.66,0.66,0.76928,0.55676
0.66,0.68,0.77266,0.56026
0.66,0.7000000000000001,0.7762000000000002,0.56556
0.66,0.72,0.7780800000000001,0.56574
0.66,0.74,0.7830199999999999,0.57446
0.66,0.76,0.7825399999999999,0.57622
0.66,0.78,0.7841,0.5766800000000001
0.66,0.8,0.7883200000000001,0.57958
0.66,0.8200000000000001,0.7894400000000001,0.5821999999999999
0.66,0.84,0.7892,0.5844
0.66,0.86,0.7906399999999999,0.58564
0.66,0.88,0.7936999999999999,0.5876399999999999
0.66,0.9,0.79116,0.5858999999999999
0.66,0.92,0.7954400000000001,0.5907399999999999
0.66,0.9400000000000001,0.79706,0.5941399999999999
0.66,0.96,0.7991400000000002,0.5982
0.66,0.98,0.7974600000000001,0.5950799999999999
0.66,1.0,0.7972199999999999,0.59612
0.68,0.0,0.0015000000000000002,0.00134
0.68,0.02,0.00188,0.00178
0.68,0.04,0.0030200000000000005,0.0028000000000000004
0.68,0.06,0.0034400000000000003,0.00322
0.68,0.08,0.00392,0.0035600000000000002
0.68,0.1,0.006659999999999999,0.006300000000000001
0.68,0.12,0.014499999999999999,0.01284
0.68,0.14,0.06828000000000001,0.04755999999999999
0.68,0.16,0.17272,0.10242000000000001
0.68,0.18,0.27468000000000004,0.15289999999999998
0.68,0.2,0.36922,0.20120000000000002
0.68,0.22,0.45548,0.25238000000000005
0.68,0.24,0.5169800000000001,0.29481999999999997
0.68,0.26,0.55386,0.3235
0.68,0.28,0.57788,0.34284
0.68,0.3,0.6040599999999999,0.36738
0.68,0.32,0.62426,0.38739999999999997
0.68,0.34,0.6445399999999999,0.40824000000000005
0.68,0.36,0.66214,0.4260799999999999
0.68,0.38,0.67376,0.43808
0.68,0.4,0.68866,0.45620000000000005
0.68,0.42,0.6989599999999999,0.46972
0.68,0.44,0.70714,0.47800000000000004
0.68,0.46,0.7141599999999998,0.48762
0.68,0.48,0.7274600000000001,0.49863999999999997
0.68,0.5,0.7323799999999998,0.5078600000000001
0.68,0.52,0.7393599999999999,0.5147799999999999
0.68,0.54,0.7448600000000001,0.5230400000000001
0.68,0.56,0.74736,0.5247999999999999
0.68,0.58,0.75464,0.53536
0.68,0.6,0.75822,0.53986
0.68,0.62,0.7634799999999999,0.5450200000000001
0.68,0.64,0.7637800000000001,0.5469999999999999
0.68,0.66,0.76878,0.5549200000000001
0.68,0.68,0.7745199999999999,0.5615000000000001
0.68,0.7000000000000001,0.7761800000000001,0.56314
0.68,0.72,0.779,0.56588
0.68,0.74,0.78062,0.56778
0.68,0.76,0.78374,0.57318
0.68,0.78,0.78468,0.57236
0.68,0.8,0.7865599999999999,0.57474
0.68,0.8200000000000001,0.7869600000000001,0.5775999999999999
0.68,0.84,0.78852,0.5779799999999999
0.68,0.86,0.79074,0.58376
0.68,0.88,0.79118,0.5844400000000001
0.68,0.9,0.7930800000000001,0.58626
0.68,0.92,0.7967799999999999,0.5905199999999999
0.68,0.9400000000000001,0.7969200000000001,0.59132
0.68,0.96,0.7974400000000001,0.593
0.68,0.98,0.7961800000000001,0.5927
0.68,1.0,0.7997799999999999,0.59314
0.7000000000000001,0.0,0.00126,0.0011
0.7000000000000001,0.02,0.00206,0.00192
0.7000000000000001,0.04,0.0024800000000000004,0.0024000000000000002
0.7000000000000001,0.06,0.0031200000000000004,0.0029200000000000003
0.7000000000000001,0.08,0.00388,0.00362
0.7000000000000001,0.1,0.00574,0.00526
0.7000000000000001,0.12,0.00928,0.00846
0.7000000000000001,0.14,0.0907,0.05978
0.7000000000000001,0.16,0.17357999999999996,0.09979999999999999
0.7000000000000001,0.18,0.29402,0.15933999999999998
0.7000000000000001,0.2,0.39434,0.21438
0.7000000000000001,0.22,0.42738,0.23387999999999998
0.7000000000000001,0.24,0.5064,0.28540000000000004
0.7000000000000001,0.26,0.5482400000000002,0.31426000000000004
0.7000000000000001,0.28,0.58314,0.34458
0.7000000000000001,0.3,0.59956,0.36016000000000004
0.7000000000000001,0.32,0.6272800000000001,0.38532000000000005
0.7000000000000001,0.34,0.64526,0.4058
0.7000000000000001,0.36,0.65972,0.42198
0.7000000000000001,0.38,0.67632,0.43576
0.7000000000000001,0.4,0.6868,0.45002
0.7000000000000001,0.42,0.69856,0.46265999999999996
0.7000000000000001,0.44,0.70574,0.47151999999999994
0.7000000000000001,0.46,0.71722,0.48693999999999993
0.7000000000000001,0.48,0.7243399999999999,0.49526
0.7000000000000001,0.5,0.7354,0.5089799999999999
0.7000000000000001,0.52,0.73964,0.51352
0.7000000000000001,0.54,0.74374,0.51888
0.7000000000000001,0.56,0.7507400000000001,0.53018
0.7000000000000001,0.58,0.75402,0.53276
0.7000000000000001,0.6,0.75842,0.53684
0.7000000000000001,0.62,0.7630000000000001,0.5408
0.7000000000000001,0.64,0.7684000000000001,0.5479400000000001
0.7000000000000001,0.66,0.7719800000000001,0.55516
0.7000000000000001,0.68,0.77152,0.55466
0.7000000000000001,0.7000000000000001,0.7761000000000001,0.56058
0.7000000000000001,0.72,0.7783999999999999,0.5633
0.7000000000000001,0.74,0.7804800000000001,0.56704
0.7000000000000001,0.76,0.7830800000000001,0.5689599999999999
0.7000000000000001,0.78,0.7843600000000001,0.57328
0.7000000000000001,0.8,0.7866200000000002,0.57494
0.7000000000000001,0.8200000000000001,0.7874999999999999,0.5774
0.7000000000000001,0.84,0.79236,0.58004
0.7000000000000001,0.86,0.7908600000000001,0.5812599999999999
0.7000000000000001,0.88,0.79464,0.5849599999999999
0.7000000000000001,0.9,0.7944599999999999,0.5861999999999999
0.7000000000000001,0.92,0.7942600000000002,0.58554
0.7000000000000001,0.9400000000000001,0.7965000000000001,0.58688
0.7000000000000001,0.96,0.7962,0.5880399999999999
0.7000000000000001,0.98,0.7971200000000002,0.59104
0.7000000000000001,1.0,0.8003,0.59344
0.72,0.0,0.00132,0.0011400000000000002
0.72,0.02,0.00244,0.0023
0.72,0.04,0.00272,0.00266
0.72,0.06,0.0034799999999999996,0.003280000000000001
0.72,0.08,0.00458,0.00434
0.72,0.1,0.006439999999999999,0.0058000000000000005
0.72,0.12,0.01016,0.00912
0.72,0.14,0.06308000000000001,0.04316
0.72,0.16,0.1793,0.10272000000000002
0.72,0.18,0.30276000000000003,0.16205999999999998
0.72,0.2,0.39649999999999996,0.21131999999999998
0.72,0.22,0.45684,0.24780000000000002
0.72,0.24,0.49544000000000005,0.2723
0.72,0.26,0.5165799999999999,0.2928
0.72,0.28,0.5797199999999999,0.3389000000000001
0.72,0.3,0.60662,0.36312
0.72,0.32,0.63028,0.38452
0.72,0.34,0.64358,0.39818000000000003
0.72,0.36,0.66212,0.41728000000000004
0.72,0.38,0.6739999999999999,0.43278000000000005
0.72,0.4,0.68726,0.44556000000000007
0.72,0.42,0.7004799999999999,0.46186000000000005
0.72,0.44,0.7077199999999999,0.46897999999999995
0.72,0.46,0.71986,0.48662
0.72,0.48,0.7251400000000001,0.49445999999999996
0.72,0.5,0.73342,0.49810000000000004
0.72,0.52,0.7362599999999999,0.5063799999999999
0.72,0.54,0.7479000000000002,0.5185200000000001
0.72,0.56,0.7526199999999998,0.52544
0.72,0.58,0.7570800000000001,0.5310600000000001
0.72,0.6,0.7593,0.53428
0.72,0.62,0.7635799999999999,0.54068
0.72,0.64,0.768,0.5468
0.72,0.66,0.7707,0.5513
0.72,0.68,0.77742,0.5579799999999999
0.72,0.7000000000000001,0.7778600000000001,0.5603200000000002
0.72,0.72,0.77904,0.56192
0.72,0.74,0.7803200000000001,0.56354
0.72,0.76,0.7826800000000002,0.56828
0.72,0.78,0.7879999999999999,0.5721599999999999
0.72,0.8,0.7866600000000002,0.5736199999999999
0.72,0.8200000000000001,0.7881200000000002,0.57328
0.72,0.84,0.7919399999999999,0.5777599999999999
0.72,0.86,0.7927199999999999,0.57908
0.72,0.88,0.7938200000000002,0.5822999999999999
0.72,0.9,0.79472,0.5839799999999999
0.72,0.92,0.7952000000000001,0.5839599999999999
0.72,0.9400000000000001,0.7959600000000002,0.58684
0.72,0.96,0.7969399999999999,0.5856999999999999
0.72,0.98,0.7997200000000001,0.58892
0.72,1.0,0.8011,0.5919399999999999
0.74,0.0,0.0011400000000000002,0.0010400000000000001
0.74,0.02,0.0016200000000000003,0.0014600000000000001
0.74,0.04,0.0034000000000000007,0.0032600000000000007
0.74,0.06,0.00318,0.0028200000000000005
0.74,0.08,0.005180000000000001,0.0048000000000000004
0.74,0.1,0.005680000000000001,0.00524
0.74,0.12,0.0131,0.01164
0.74,0.14,0.09113999999999998,0.06042
0.74,0.16,0.15439999999999998,0.08840000000000002
0.74,0.18,0.29874,0.15538000000000002
0.74,0.2,0.41278,0.21498
0.74,0.22,0.44584,0.23582000000000003
0.74,0.24,0.50536,0.27424
0.74,0.26,0.55386,0.31046
0.74,0.28,0.5825199999999999,0.33628
0.74,0.3,0.5935,0.34758
0.74,0.32,0.6291599999999999,0.38082
0.74,0.34,0.6461199999999999,0.39692000000000005
0.74,0.36,0.66204,0.41379999999999995
0.74,0.38,0.6776800000000002,0.43156000000000005
0.74,0.4,0.6892200000000002,0.44699999999999995
0.74,0.42,0.6977,0.45653999999999995
0.74,0.44,0.7116000000000001,0.47056
0.74,0.46,0.7172800000000001,0.47908
0.74,0.48,0.7241,0.48796
0.74,0.5,0.7324799999999998,0.49782
0.74,0.52,0.7382999999999998,0.50642
0.74,0.54,0.7478400000000001,0.51496
0.74,0.56,0.7496200000000002,0.52076
0.74,0.58,0.75444,0.5267599999999999
0.74,0.6,0.7596200000000001,0.53288
0.74,0.62,0.7652800000000001,0.53988
0.74,0.64,0.7664,0.54454
0.74,0.66,0.77108,0.5482
0.74,0.68,0.7744600000000001,0.5524000000000001
0.74,0.7000000000000001,0.7764200000000001,0.5546
0.74,0.72,0.77866,0.5594
0.74,0.74,0.78082,0.56088
0.74,0.76,0.78274,0.56622
0.74,0.78,0.786,0.56848
0.74,0.8,0.78778,0.57074
0.74,0.8200000000000001,0.7895400000000001,0.5756
0.74,0.84,0.7921999999999998,0.57574
0.74,0.86,0.7924200000000002,0.57908
0.74,0.88,0.7934,0.57926
0.74,0.9,0.7979999999999999,0.58502
0.74,0.92,0.79692,0.58504
0.74,0.9400000000000001,0.7992,0.58644
0.74,0.96,0.7985599999999999,0.58592
0.74,0.98,0.7985599999999999,0.58722
0.74,1.0,0.7993600000000001,0.58846
0.76,0.0,0.0012400000000000002,0.0011
0.76,0.02,0.00172,0.00154
0.76,0.04,0.0022600000000000003,0.0020800000000000003
0.76,0.06,0.00252,0.0023400000000000005
0.76,0.08,0.004200000000000001,0.0039000000000000003
0.76,0.1,0.00662,0.00618
0.76,0.12,0.009620000000000002,0.00858
0.76,0.14,0.09200000000000001,0.05994000000000001
0.76,0.16,0.21261999999999998,0.1144
0.76,0.18,0.30982,0.16023999999999997
0.76,0.2,0.38223999999999997,0.19464000000000004
0.76,0.22,0.46568,0.24242
0.76,0.24,0.51886,0.27727999999999997
0.76,0.26,0.5511600000000001,0.30269999999999997
0.76,0.28,0.55908,0.3174
0.76,0.3,0.59354,0.3447199999999999
0.76,0.32,0.62308,0.37048000000000003
0.76,0.34,0.6459,0.3934000000000001
0.76,0.36,0.66118,0.40936
0.76,0.38,0.6781999999999999,0.42904000000000003
0.76,0.4,0.6893600000000001,0.4431799999999999
0.76,0.42,0.6999599999999999,0.45498000000000005
0.76,0.44,0.70784,0.46646
0.76,0.46,0.7178399999999999,0.47790000000000005
0.76,0.48,0.7231000000000001,0.48410000000000003
0.76,0.5,0.7343999999999999,0.4979
0.76,0.52,0.73874,0.5024200000000001
0.76,0.54,0.74468,0.51222
0.76,0.56,0.75072,0.51802
0.76,0.58,0.7529200000000001,0.52386
0.76,0.6,0.7595999999999999,0.53234
0.76,0.62,0.7656799999999998,0.53876
0.76,0.64,0.7677,0.54188
0.76,0.66,0.77306,0.5466799999999999
0.76,0.68,0.7747799999999999,0.55196
0.76,0.7000000000000001,0.7761400000000003,0.55354
0.76,0.72,0.77894,0.55834
0.76,0.74,0.7816,0.5614000000000001
0.76,0.76,0.7877000000000001,0.56662
0.76,0.78,0.7855200000000001,0.5683799999999999
0.76,0.8,0.78642,0.56728
0.76,0.8200000000000001,0.7884399999999999,0.57064
0.76,0.84,0.79216,0.57318
0.76,0.86,0.7913799999999999,0.57368
0.76,0.88,0.7934800000000002,0.57772
0.76,0.9,0.79444,0.5808
0.76,0.92,0.7966200000000001,0.5825
0.76,0.9400000000000001,0.7975999999999999,0.5822799999999999
0.76,0.96,0.7997,0.5844199999999999
0.76,0.98,0.7984,0.5859199999999999
0.76,1.0,0.7991800000000001,0.58434
0.78,0.0,0.0014000000000000002,0.0013
0.78,0.02,0.00128,0.00114
0.78,0.04,0.00266,0.00246
0.78,0.06,0.004200000000000001,0.00394
0.78,0.08,0.00482,0.004540000000000001
0.78,0.1,0.006920000000000001,0.006300000000000001
0.78,0.12,0.01284,0.011240000000000002
0.78,0.14,0.08428,0.0547
0.78,0.16,0.18732000000000004,0.10066000000000001
0.78,0.18,0.3159,0.15703999999999999
0.78,0.2,0.38017999999999996,0.18938000000000002
0.78,0.22,0.4463799999999999,0.22622
0.78,0.24,0.49731999999999993,0.26345999999999997
0.78,0.26,0.55178,0.30122
0.78,0.28,0.5844799999999999,0.32910000000000006
0.78,0.3,0.60894,0.3517
0.78,0.32,0.62584,0.37120000000000014
0.78,0.34,0.6471800000000001,0.39058
0.78,0.36,0.66268,0.41028000000000003
0.78,0.38,0.6762599999999999,0.4261
0.78,0.4,0.68494,0.4322
0.78,0.42,0.6992200000000001,0.4515600000000001
0.78,0.44,0.7101400000000001,0.46466
0.78,0.46,0.72024,0.47675999999999996
0.78,0.48,0.7273599999999999,0.48692
0.78,0.5,0.731,0.49348
0.78,0.52,0.7406999999999999,0.5036200000000001
0.78,0.54,0.7473400000000001,0.51188
0.78,0.56,0.75062,0.5171
0.78,0.58,0.75554,0.5218
0.78,0.6,0.76054,0.52732
0.78,0.62,0.7616,0.5320000000000001
0.78,0.64,0.76926,0.5427
0.78,0.66,0.7688600000000001,0.5411
0.78,0.68,0.7761999999999999,0.5502400000000001
0.78,0.7000000000000001,0.7770000000000001,0.55244
0.78,0.72,0.78082,0.5570799999999999
0.78,0.74,0.7839600000000001,0.56118
0.78,0.76,0.7870999999999999,0.56694
0.78,0.78,0.7851199999999998,0.56292
0.78,0.8,0.7898999999999999,0.5674800000000001
0.78,0.8200000000000001,0.7885,0.5691999999999999
0.78,0.84,0.7891800000000001,0.5715399999999999
0.78,0.86,0.7939399999999999,0.5742200000000001
0.78,0.88,0.7913399999999998,0.5723999999999999
0.78,0.9,0.79468,0.57714
0.78,0.92,0.79584,0.5799
0.78,0.9400000000000001,0.7993399999999999,0.58212
0.78,0.96,0.7996800000000001,0.58258
0.78,0.98,0.80042,0.5848399999999999
0.78,1.0,0.8013800000000001,0.5861799999999999
0.8,0.0,0.0010800000000000002,0.00098
0.8,0.02,0.00192,0.0017200000000000002
0.8,0.04,0.0034400000000000008,0.0032600000000000007
0.8,0.06,0.0034600000000000004,0.00328
0.8,0.08,0.00528,0.004880000000000001
0.8,0.1,0.00524,0.004780000000000001
0.8,0.12,0.01794,0.015100000000000002
0.8,0.14,0.08654000000000002,0.05492
0.8,0.16,0.21791999999999997,0.11302
0.8,0.18,0.31557999999999997,0.15406
0.8,0.2,0.4257,0.20894
0.8,0.22,0.46037999999999996,0.2306
0.8,0.24,0.5075000000000001,0.26078
0.8,0.26,0.5416600000000001,0.28964
0.8,0.28,0.5832999999999999,0.32328
0.8,0.3,0.60712,0.34716
0.8,0.32,0.6230199999999999,0.36382000000000003
0.8,0.34,0.64794,0.3901799999999999
0.8,0.36,0.66168,0.4039999999999999
0.8,0.38,0.6752400000000002,0.42152
0.8,0.4,0.6875,0.43602000000000013
0.8,0.42,0.7003,0.4492400000000001
0.8,0.44,0.70892,0.4592
0.8,0.46,0.7212599999999999,0.47422
0.8,0.48,0.7286400000000001,0.48369999999999996
0.8,0.5,0.73586,0.4917
0.8,0.52,0.7412000000000001,0.49994
0.8,0.54,0.74566,0.5088199999999999
0.8,0.56,0.7536,0.51702
0.8,0.58,0.7564000000000002,0.5209600000000001
0.8,0.6,0.76094,0.5273400000000001
0.8,0.62,0.76498,0.5321400000000002
0.8,0.64,0.76768,0.5363
0.8,0.66,0.77166,0.5415800000000001
0.8,0.68,0.77536,0.5480800000000001
0.8,0.7000000000000001,0.7771200000000001,0.55084
0.8,0.72,0.7818400000000001,0.5538000000000001
0.8,0.74,0.7822199999999999,0.5571200000000001
0.8,0.76,0.785,0.5582999999999999
0.8,0.78,0.78856,0.5639399999999999
0.8,0.8,0.7884800000000002,0.5663599999999999
0.8,0.8200000000000001,0.7895400000000001,0.56878
0.8,0.84,0.79206,0.57112
0.8,0.86,0.7928800000000001,0.5737000000000001
0.8,0.88,0.7942199999999999,0.5747599999999999
0.8,0.9,0.7967200000000001,0.5783799999999999
0.8,0.92,0.7986800000000003,0.57818
0.8,0.9400000000000001,0.7977799999999999,0.5794799999999999
0.8,0.96,0.80084,0.57952
0.8,0.98,0.79952,0.5799799999999999
0.8,1.0,0.8025,0.58434
0.8200000000000001,0.0,0.00124,0.0011800000000000003
0.8200000000000001,0.02,0.0019,0.0018
0.8200000000000001,0.04,0.00238,0.0022800000000000003
0.8200000000000001,0.06,0.00392,0.0036000000000000003
0.8200000000000001,0.08,0.0034000000000000007,0.0031000000000000003
0.8200000000000001,0.1,0.00494,0.004540000000000001
0.8200000000000001,0.12,0.01114,0.01004
0.8200000000000001,0.14,0.1073,0.06544
0.8200000000000001,0.16,0.21660000000000004,0.109
0.8200000000000001,0.18,0.3559599999999999,0.16908
0.8200000000000001,0.2,0.39748,0.18919999999999998
0.8200000000000001,0.22,0.4532999999999999,0.22314
0.8200000000000001,0.24,0.51182,0.26006
0.8200000000000001,0.26,0.5499800000000001,0.29036
0.8200000000000001,0.28,0.5708,0.31254000000000004
0.8200000000000001,0.3,0.60638,0.33923999999999993
0.8200000000000001,0.32,0.62686,0.3634799999999999
0.8200000000000001,0.34,0.64362,0.38256
0.8200000000000001,0.36,0.6602600000000001,0.39992
0.8200000000000001,0.38,0.67476,0.4147199999999999
0.8200000000000001,0.4,0.6881999999999998,0.43105999999999994
0.8200000000000001,0.42,0.6996799999999999,0.44502
0.8200000000000001,0.44,0.71102,0.46124000000000004
0.8200000000000001,0.46,0.7171,0.46741999999999995
0.8200000000000001,0.48,0.7276599999999998,0.4807
0.8200000000000001,0.5,0.7355999999999999,0.49028000000000005
0.8200000000000001,0.52,0.74212,0.49862
0.8200000000000001,0.54,0.7464399999999999,0.5088400000000001
0.8200000000000001,0.56,0.7508399999999998,0.5112599999999999
0.8200000000000001,0.58,0.75634,0.5178200000000001
0.8200000000000001,0.6,0.76058,0.52422
0.8200000000000001,0.62,0.7658200000000001,0.53316
0.8200000000000001,0.64,0.7685600000000002,0.53612
0.8200000000000001,0.66,0.76916,0.5380400000000001
0.8200000000000001,0.68,0.7727,0.54146
0.8200000000000001,0.7000000000000001,0.7777799999999999,0.55038
0.8200000000000001,0.72,0.7817800000000001,0.55448
0.8200000000000001,0.74,0.7817799999999999,0.5548599999999999
0.8200000000000001,0.76,0.78722,0.5611200000000001
0.8200000000000001,0.78,0.7873600000000002,0.5627599999999999
0.8200000000000001,0.8,0.78952,0.56504
0.8200000000000001,0.8200000000000001,0.7904000000000001,0.56694
0.8200000000000001,0.84,0.7916999999999998,0.56718
0.8200000000000001,0.86,0.79202,0.5697
0.8200000000000001,0.88,0.79566,0.57154
0.8200000000000001,0.9,0.7958,0.57456
0.8200000000000001,0.92,0.7991000000000001,0.5771799999999999
0.8200000000000001,0.9400000000000001,0.79734,0.57586
0.8200000000000001,0.96,0.7993400000000002,0.5807200000000001
0.8200000000000001,0.98,0.79998,0.58044
0.8200000000000001,1.0,0.8007599999999999,0.5808
0.84,0.0,0.0016200000000000001,0.0015600000000000002
0.84,0.02,0.00188,0.0017400000000000002
0.84,0.04,0.0023200000000000004,0.0021400000000000004
0.84,0.06,0.004320000000000001,0.00402
0.84,0.08,0.00478,0.00442
0.84,0.1,0.006580000000000002,0.006040000000000001
0.84,0.12,0.011420000000000001,0.01022
0.84,0.14,0.0714,0.0463
0.84,0.16,0.22094000000000003,0.10916000000000001
0.84,0.18,0.30306,0.13998
0.84,0.2,0.3925599999999999,0.18419999999999997
0.84,0.22,0.4575600000000001,0.22054
0.84,0.24,0.5184200000000001,0.25846
0.84,0.26,0.54782,0.28431999999999996
0.84,0.28,0.58504,0.31786000000000003
0.84,0.3,0.6076599999999999,0.34148
0.84,0.32,0.62578,0.35928000000000004
0.84,0.34,0.64882,0.38171999999999995
0.84,0.36,0.6629200000000002,0.39814000000000005
0.84,0.38,0.6643399999999999,0.4076000000000001
0.84,0.4,0.6901400000000001,0.42905999999999994
0.84,0.42,0.7023400000000001,0.44470000000000004
0.84,0.44,0.71,0.45546
0.84,0.46,0.7200599999999998,0.46630000000000005
0.84,0.48,0.7277000000000001,0.47948
0.84,0.5,0.7380599999999999,0.48986
0.84,0.52,0.73908,0.49378
0.84,0.54,0.7487,0.5026600000000001
0.84,0.56,0.75046,0.5081600000000001
0.84,0.58,0.75578,0.5169400000000001
0.84,0.6,0.76126,0.5215000000000001
0.84,0.62,0.76626,0.53082
0.84,0.64,0.7687800000000001,0.53274
0.84,0.66,0.7721400000000002,0.5385
0.84,0.68,0.7734400000000001,0.5413
0.84,0.7000000000000001,0.77772,0.5447200000000001
0.84,0.72,0.7821200000000001,0.5518200000000001
0.84,0.74,0.78338,0.5528
0.84,0.76,0.7851600000000001,0.5566
0.84,0.78,0.7871000000000001,0.55908
0.84,0.8,0.78612,0.5594
0.84,0.8200000000000001,0.78992,0.56222
0.84,0.84,0.7929,0.5670000000000001
0.84,0.86,0.79546,0.56924
0.84,0.88,0.79592,0.57044
0.84,0.9,0.79878,0.57624
0.84,0.92,0.7992199999999999,0.57762
0.84,0.9400000000000001,0.7977799999999999,0.57418
0.84,0.96,0.80066,0.57906
0.84,0.98,0.8028599999999999,0.58034
0.84,1.0,0.80318,0.5828599999999999
0.86,0.0,0.0015600000000000002,0.0014800000000000002
0.86,0.02,0.0021000000000000003,0.00198
0.86,0.04,0.0024,0.00232
0.86,0.06,0.003,0.0027600000000000003
0.86,0.08,0.004240000000000001,0.00392
0.86,0.1,0.005520000000000001,0.00506
0.86,0.12,0.012200000000000003,0.010860000000000002
0.86,0.14,0.10064000000000001,0.060520000000000004
0.86,0.16,0.23008000000000003,0.11230000000000001
0.86,0.18,0.3258,0.14776
0.86,0.2,0.3944,0.17847999999999994
0.86,0.22,0.4404,0.20809999999999998
0.86,0.24,0.4970400000000001,0.24522
0.86,0.26,0.5503,0.28358
0.86,0.28,0.58124,0.30938
0.86,0.3,0.605,0.3334
0.86,0.32,0.6298400000000001,0.35810000000000003
0.86,0.34,0.64524,0.37524
0.86,0.36,0.6625,0.39630000000000004
0.86,0.38,0.67994,0.41402
0.86,0.4,0.6928200000000001,0.4316199999999999
0.86,0.42,0.7025800000000001,0.44329999999999997
0.86,0.44,0.7086999999999999,0.45108
0.86,0.46,0.72114,0.46722
0.86,0.48,0.7259,0.47234000000000004
0.86,0.5,0.7330599999999999,0.48072000000000004
0.86,0.52,0.7420399999999999,0.49544
0.86,0.54,0.74532,0.50102
0.86,0.56,0.7535200000000001,0.5079400000000001
0.86,0.58,0.75988,0.5173800000000001
0.86,0.6,0.7619400000000002,0.5226
0.86,0.62,0.7661800000000001,0.52788
0.86,0.64,0.7703600000000002,0.5313000000000001
0.86,0.66,0.7750600000000002,0.53874
0.86,0.68,0.7767000000000001,0.5435
0.86,0.7000000000000001,0.7775600000000003,0.54328
0.86,0.72,0.7826400000000001,0.5509999999999999
0.86,0.74,0.78496,0.55524
0.86,0.76,0.7858799999999999,0.5559000000000001
0.86,0.78,0.7867600000000001,0.5571200000000001
0.86,0.8,0.7900999999999999,0.56198
0.86,0.8200000000000001,0.7941400000000001,0.5649000000000001
0.86,0.84,0.7909600000000002,0.56612
0.86,0.86,0.79342,0.56568
0.86,0.88,0.7956399999999999,0.56996
0.86,0.9,0.79726,0.5709599999999999
0.86,0.92,0.79762,0.5724999999999999
0.86,0.9400000000000001,0.8013600000000001,0.5753199999999999
0.86,0.96,0.8009200000000001,0.57772
0.86,0.98,0.8019399999999999,0.57856
0.86,1.0,0.8015599999999999,0.5792999999999999
0.88,0.0,0.00134,0.00128
0.88,0.02,0.00182,0.0017
0.88,0.04,0.0023599999999999997,0.00222
0.88,0.06,0.0028400000000000005,0.00254
0.88,0.08,0.00456,0.0041800000000000006
0.88,0.1,0.006959999999999999,0.006319999999999999
0.88,0.12,0.010679999999999999,0.00982
0.88,0.14,0.08442000000000002,0.05105999999999999
0.88,0.16,0.22904,0.10846
0.88,0.18,0.2867,0.12966
0.88,0.2,0.4012000000000001,0.18
0.88,0.22,0.46324,0.21526
0.88,0.24,0.49510000000000004,0.23985999999999996
0.88,0.26,0.54832,0.27699999999999997
0.88,0.28,0.56512,0.2963
0.88,0.3,0.60632,0.32876
0.88,0.32,0.62398,0.35068000000000005
0.88,0.34,0.64794,0.37522
0.88,0.36,0.6636000000000002,0.39466000000000007
0.88,0.38,0.6796000000000001,0.41059999999999997
0.88,0.4,0.6889,0.42486
0.88,0.42,0.70146,0.44014
0.88,0.44,0.7102399999999999,0.44792000000000004
0.88,0.46,0.7182,0.46092
0.88,0.48,0.7268600000000001,0.47209999999999996
0.88,0.5,0.7369399999999999,0.48514
0.88,0.52,0.74082,0.4888
0.88,0.54,0.7461200000000001,0.4960599999999999
0.88,0.56,0.75292,0.50604
0.88,0.58,0.7585000000000001,0.5146000000000001
0.88,0.6,0.7609400000000001,0.51916
0.88,0.62,0.7673000000000001,0.52614
0.88,0.64,0.7687600000000002,0.52934
0.88,0.66,0.77432,0.5370400000000001
0.88,0.68,0.7777000000000001,0.54024
0.88,0.7000000000000001,0.77742,0.54388
0.88,0.72,0.78132,0.5466399999999999
0.88,0.74,0.78334,0.55196
0.88,0.76,0.7882799999999999,0.5562
0.88,0.78,0.78836,0.55742
0.88,0.8,0.7885800000000001,0.55794
0.88,0.8200000000000001,0.7922800000000001,0.56238
0.88,0.84,0.7938000000000001,0.5650799999999999
0.88,0.86,0.79356,0.56458
0.88,0.88,0.796,0.56704
0.88,0.9,0.7993600000000001,0.5717599999999999
0.88,0.92,0.7997,0.57364
0.88,0.9400000000000001,0.8002400000000002,0.5723799999999999
0.88,0.96,0.80066,0.57372
0.88,0.98,0.8,0.57314
0.88,1.0,0.8033600000000001,0.57912
0.9,0.0,0.0013800000000000002,0.00126
0.9,0.02,0.0018999999999999998,0.00172
0.9,0.04,0.0032600000000000003,0.0030400000000000006
0.9,0.06,0.0035800000000000003,0.0033
0.9,0.08,0.00486,0.00438
0.9,0.1,0.00618,0.005679999999999999
0.9,0.12,0.01378,0.011540000000000002
0.9,0.14,0.08532000000000001,0.050019999999999995
0.9,0.16,0.23412,0.10672000000000001
0.9,0.18,0.30956,0.1338
0.9,0.2,0.40088000000000007,0.17832
0.9,0.22,0.4547800000000001,0.20724
0.9,0.24,0.51588,0.24438000000000001
0.9,0.26,0.54006,0.26812
0.9,0.28,0.58292,0.3055999999999999
0.9,0.3,0.60808,0.32798
0.9,0.32,0.6291600000000002,0.3500000000000001
0.9,0.34,0.6467400000000001,0.3701
0.9,0.36,0.6621600000000001,0.38938
0.9,0.38,0.6745200000000001,0.40218
0.9,0.4,0.6894000000000001,0.42190000000000005
0.9,0.42,0.7019000000000001,0.43658
0.9,0.44,0.7126,0.45036000000000004
0.9,0.46,0.7218999999999999,0.46298
0.9,0.48,0.72768,0.46968
0.9,0.5,0.73454,0.4799400000000001
0.9,0.52,0.7411000000000001,0.48934
0.9,0.54,0.7467200000000002,0.49472
0.9,0.56,0.7523400000000001,0.50508
0.9,0.58,0.7579199999999999,0.51142
0.9,0.6,0.7631999999999999,0.51654
0.9,0.62,0.76676,0.5237200000000001
0.9,0.64,0.76956,0.52994
0.9,0.66,0.7724800000000002,0.5317000000000001
0.9,0.68,0.7778599999999999,0.53772
0.9,0.7000000000000001,0.7798599999999999,0.5433
0.9,0.72,0.7830199999999999,0.54736
0.9,0.74,0.78502,0.5492
0.9,0.76,0.78706,0.5525800000000001
0.9,0.78,0.7910200000000001,0.5587799999999999
0.9,0.8,0.7900800000000001,0.55672
0.9,0.8200000000000001,0.7925400000000002,0.562
0.9,0.84,0.7939,0.56488
0.9,0.86,0.79558,0.5660799999999999
0.9,0.88,0.7942,0.56582
0.9,0.9,0.79978,0.5710000000000001
0.9,0.92,0.79912,0.5713
0.9,0.9400000000000001,0.8027,0.57256
0.9,0.96,0.80134,0.57562
0.9,0.98,0.8013400000000002,0.5717800000000001
0.9,1.0,0.80292,0.57758
0.92,0.0,0.00122,0.00116
0.92,0.02,0.0015800000000000002,0.0014800000000000002
0.92,0.04,0.0027600000000000003,0.0024800000000000004
0.92,0.06,0.0025800000000000003,0.0024600000000000004
0.92,0.08,0.00464,0.004240000000000001
0.92,0.1,0.005680000000000001,0.0051400000000000005
0.92,0.12,0.01382,0.01206
0.92,0.14,0.06922,0.043739999999999994
0.92,0.16,0.19694,0.08954000000000001
0.92,0.18,0.29596,0.12532
0.92,0.2,0.38108,0.16226
0.92,0.22,0.44764000000000004,0.20013999999999998
0.92,0.24,0.5145000000000001,0.23985999999999996
0.92,0.26,0.54196,0.26674
0.92,0.28,0.56908,0.29264
0.92,0.3,0.6069199999999999,0.3226799999999999
0.92,0.32,0.62704,0.34596
0.92,0.34,0.6463,0.3653
0.92,0.36,0.6617999999999999,0.38449999999999995
0.92,0.38,0.6792400000000001,0.40526
0.92,0.4,0.69084,0.4194
0.92,0.42,0.70186,0.4334200000000001
0.92,0.44,0.71098,0.44781999999999994
0.92,0.46,0.7231400000000001,0.46204000000000006
0.92,0.48,0.7280200000000001,0.4675999999999999
0.92,0.5,0.7344200000000001,0.47568000000000005
0.92,0.52,0.74228,0.48796
0.92,0.54,0.7483,0.49376
0.92,0.56,0.7512799999999998,0.50228
0.92,0.58,0.7588399999999998,0.5132
0.92,0.6,0.7604,0.51448
0.92,0.62,0.76768,0.52646
0.92,0.64,0.7707200000000002,0.52836
0.92,0.66,0.7743000000000002,0.5329200000000001
0.92,0.68,0.7768400000000001,0.5369
0.92,0.7000000000000001,0.7795799999999999,0.5401
0.92,0.72,0.78212,0.5430999999999999
0.92,0.74,0.7842,0.54498
0.92,0.76,0.7878799999999999,0.55172
0.92,0.78,0.7892399999999999,0.5532400000000001
0.92,0.8,0.79084,0.5564
0.92,0.8200000000000001,0.7922999999999999,0.55782
0.92,0.84,0.79238,0.55788
0.92,0.86,0.7924800000000001,0.5602800000000001
0.92,0.88,0.7972600000000001,0.56506
0.92,0.9,0.7983400000000002,0.5679
0.92,0.92,0.7997,0.5685
0.92,0.9400000000000001,0.8001600000000001,0.57286
0.92,0.96,0.80384,0.57414
0.92,0.98,0.8019799999999999,0.57234
0.92,1.0,0.80396,0.57614
0.9400000000000001,0.0,0.0010600000000000002,0.00092
0.9400000000000001,0.02,0.0021400000000000004,0.00194
0.9400000000000001,0.04,0.0022800000000000003,0.0021000000000000003
0.9400000000000001,0.06,0.0041400000000000005,0.00384
0.9400000000000001,0.08,0.00446,0.00412
0.9400000000000001,0.1,0.00614,0.0057799999999999995
0.9400000000000001,0.12,0.012300000000000002,0.01072
0.9400000000000001,0.14,0.06776,0.04204000000000001
0.9400000000000001,0.16,0.20135999999999998,0.08667999999999998
0.9400000000000001,0.18,0.31288,0.12754000000000001
0.9400000000000001,0.2,0.39478,0.1668
0.9400000000000001,0.22,0.4674999999999999,0.20386000000000004
0.9400000000000001,0.24,0.50566,0.23323999999999998
0.9400000000000001,0.26,0.5304800000000001,0.25686
0.9400000000000001,0.28,0.5718599999999999,0.29218000000000005
0.9400000000000001,0.3,0.60628,0.32028
0.9400000000000001,0.32,0.62794,0.342
0.9400000000000001,0.34,0.6463000000000001,0.36249999999999993
0.9400000000000001,0.36,0.6649200000000001,0.38508000000000003
0.9400000000000001,0.38,0.67606,0.39862
0.9400000000000001,0.4,0.68942,0.41634
0.9400000000000001,0.42,0.7014199999999999,0.43016000000000004
0.9400000000000001,0.44,0.7111799999999999,0.44176000000000004
0.9400000000000001,0.46,0.7216,0.4578
0.9400000000000001,0.48,0.72788,0.46704
0.9400000000000001,0.5,0.7365999999999999,0.4794
0.9400000000000001,0.52,0.7402000000000001,0.48333999999999994
0.9400000000000001,0.54,0.74834,0.49566000000000004
0.9400000000000001,0.56,0.7526800000000001,0.5000399999999999
0.9400000000000001,0.58,0.7584199999999999,0.50836
0.9400000000000001,0.6,0.76414,0.5150000000000001
0.9400000000000001,0.62,0.76568,0.5168400000000001
0.9400000000000001,0.64,0.7709400000000001,0.52694
0.9400000000000001,0.66,0.7726000000000001,0.5301600000000001
0.9400000000000001,0.68,0.7753,0.5340400000000001
0.9400000000000001,0.7000000000000001,0.7799799999999999,0.54126
0.9400000000000001,0.72,0.7832399999999999,0.54328
0.9400000000000001,0.74,0.78464,0.54744
0.9400000000000001,0.76,0.7866799999999999,0.54962
0.9400000000000001,0.78,0.7904800000000002,0.5555000000000001
0.9400000000000001,0.8,0.7922,0.55674
0.9400000000000001,0.8200000000000001,0.79408,0.55852
0.9400000000000001,0.84,0.7966200000000001,0.56228
0.9400000000000001,0.86,0.7962600000000001,0.5634
0.9400000000000001,0.88,0.79816,0.5664399999999999
0.9400000000000001,0.9,0.80054,0.56682
0.9400000000000001,0.92,0.8003800000000001,0.5696599999999998
0.9400000000000001,0.9400000000000001,0.8006,0.57032
0.9400000000000001,0.96,0.8022800000000001,0.5718799999999999
0.9400000000000001,0.98,0.8016800000000001,0.5734799999999999
0.9400000000000001,1.0,0.8041799999999999,0.57482
0.96,0.0,0.0012000000000000001,0.0011400000000000002
0.96,0.02,0.00228,0.0021200000000000004
0.96,0.04,0.00208,0.00198
0.96,0.06,0.0030600000000000007,0.00288
0.96,0.08,0.00526,0.0048400000000000006
0.96,0.1,0.0058,0.0053
0.96,0.12,0.0121,0.010660000000000001
0.96,0.14,0.08407999999999999,0.04918
0.96,0.16,0.21249999999999997,0.0911
0.96,0.18,0.31486000000000003,0.12410000000000002
0.96,0.2,0.39112,0.16114
0.96,0.22,0.4677800000000001,0.20178000000000001
0.96,0.24,0.50844,0.22966
0.96,0.26,0.55494,0.26712
0.96,0.28,0.57968,0.28988
0.96,0.3,0.60778,0.31645999999999996
0.96,0.32,0.63064,0.3440599999999999
0.96,0.34,0.64632,0.35988
0.96,0.36,0.66632,0.38380000000000003
0.96,0.38,0.67756,0.39944
0.96,0.4,0.6895200000000001,0.41357999999999995
0.96,0.42,0.70384,0.43011999999999995
0.96,0.44,0.7143200000000002,0.4442999999999999
0.96,0.46,0.7217399999999999,0.4542600000000001
0.96,0.48,0.7257999999999999,0.4601600000000001
0.96,0.5,0.7368400000000002,0.47424
0.96,0.52,0.74192,0.48302
0.96,0.54,0.7480399999999999,0.49122
0.96,0.56,0.75312,0.49936
0.96,0.58,0.7602599999999998,0.50812
0.96,0.6,0.7621199999999999,0.5107
0.96,0.62,0.7694,0.52248
0.96,0.64,0.7693800000000001,0.52262
0.96,0.66,0.7745000000000002,0.53022
0.96,0.68,0.7765200000000001,0.53278
0.96,0.7000000000000001,0.77886,0.5358800000000001
0.96,0.72,0.78322,0.54126
0.96,0.74,0.7867400000000001,0.54464
0.96,0.76,0.7890400000000001,0.55068
0.96,0.78,0.79106,0.5528600000000001
0.96,0.8,0.7905199999999999,0.55372
0.96,0.8200000000000001,0.7927200000000001,0.5587399999999999
0.96,0.84,0.7925399999999999,0.5564399999999999
0.96,0.86,0.7956799999999999,0.5587399999999999
0.96,0.88,0.79926,0.56346
0.96,0.9,0.8012,0.5651599999999999
0.96,0.92,0.79936,0.56456
0.96,0.9400000000000001,0.80218,0.5693800000000001
0.96,0.96,0.80338,0.57026
0.96,0.98,0.80204,0.5714
0.96,1.0,0.8041399999999999,0.57328
0.98,0.0,0.00122,0.0010800000000000002
0.98,0.02,0.00194,0.00168
0.98,0.04,0.00218,0.0021000000000000003
0.98,0.06,0.0036800000000000005,0.00336
0.98,0.08,0.0036000000000000008,0.0033800000000000006
0.98,0.1,0.00542,0.004980000000000001
0.98,0.12,0.010620000000000001,0.009640000000000001
0.98,0.14,0.07156000000000001,0.042480000000000004
0.98,0.16,0.21438000000000001,0.09079999999999998
0.98,0.18,0.30996,0.11938
0.98,0.2,0.3856399999999999,0.15438000000000002
0.98,0.22,0.43762,0.18556000000000006
0.98,0.24,0.50798,0.22582000000000002
0.98,0.26,0.5427599999999999,0.25505999999999995
0.98,0.28,0.58512,0.28972
0.98,0.3,0.6051000000000001,0.31170000000000003
0.98,0.32,0.6276600000000001,0.3341200000000001
0.98,0.34,0.6446600000000001,0.35658
0.98,0.36,0.6655,0.38032
0.98,0.38,0.6778800000000001,0.39232
0.98,0.4,0.6953400000000001,0.41668000000000005
0.98,0.42,0.7032200000000001,0.42704000000000003
0.98,0.44,0.7143,0.44174
0.98,0.46,0.7198199999999999,0.45077999999999996
0.98,0.48,0.7300599999999998,0.46352
0.98,0.5,0.73634,0.47491999999999995
0.98,0.52,0.7438199999999998,0.48101999999999995
0.98,0.54,0.7478400000000001,0.48877999999999994
0.98,0.56,0.7561399999999999,0.49964
0.98,0.58,0.7573200000000001,0.50384
0.98,0.6,0.7643200000000001,0.51202
0.98,0.62,0.7680600000000001,0.5172599999999999
0.98,0.64,0.7709200000000002,0.5210400000000001
0.98,0.66,0.77384,0.52658
0.98,0.68,0.7805,0.5368200000000001
0.98,0.7000000000000001,0.77974,0.53646
0.98,0.72,0.78278,0.5396200000000001
0.98,0.74,0.78592,0.54498
0.98,0.76,0.78728,0.54798
0.98,0.78,0.7891600000000001,0.54844
0.98,0.8,0.7927599999999999,0.5539799999999999
0.98,0.8200000000000001,0.7940800000000001,0.5583800000000001
0.98,0.84,0.7952800000000001,0.5583600000000001
0.98,0.86,0.7965599999999999,0.5582400000000001
0.98,0.88,0.79798,0.5623
0.98,0.9,0.8002400000000002,0.5637
0.98,0.92,0.79956,0.56542
0.98,0.9400000000000001,0.8008,0.5668799999999999
0.98,0.96,0.8042199999999999,0.57014
0.98,0.98,0.8033800000000001,0.5725199999999999
0.98,1.0,0.8039799999999999,0.5717800000000001
1.0,0.0,0.00118,0.00116
1.0,0.02,0.0019600000000000004,0.0018600000000000003
1.0,0.04,0.0028200000000000005,0.00272
1.0,0.06,0.0035200000000000006,0.0034000000000000002
1.0,0.08,0.004520000000000001,0.004320000000000001
1.0,0.1,0.00604,0.0054600000000000004
1.0,0.12,0.01144,0.00998
1.0,0.14,0.07778,0.04465999999999999
1.0,0.16,0.19202000000000002,0.07856
1.0,0.18,0.30452,0.11556
1.0,0.2,0.38756,0.1503
1.0,0.22,0.42444000000000004,0.17450000000000002
1.0,0.24,0.51262,0.22618
1.0,0.26,0.54132,0.25104
1.0,0.28,0.58204,0.28446
1.0,0.3,0.60964,0.31308
1.0,0.32,0.63024,0.33462
1.0,0.34,0.64842,0.3579
1.0,0.36,0.6635800000000001,0.37585999999999997
1.0,0.38,0.67868,0.39228
1.0,0.4,0.6903999999999999,0.40906
1.0,0.42,0.7020000000000001,0.42174
1.0,0.44,0.7121999999999998,0.43700000000000006
1.0,0.46,0.7224600000000001,0.45138
1.0,0.48,0.7286400000000001,0.45968000000000003
1.0,0.5,0.7372799999999999,0.47058000000000005
1.0,0.52,0.74358,0.48088000000000003
1.0,0.54,0.7471799999999998,0.48702000000000006
1.0,0.56,0.7562800000000002,0.4991999999999999
1.0,0.58,0.7624200000000001,0.5073799999999999
1.0,0.6,0.76196,0.50696
1.0,0.62,0.76742,0.5124399999999999
1.0,0.64,0.7727,0.5227400000000001
1.0,0.66,0.7733599999999999,0.52486
1.0,0.68,0.778,0.5294
1.0,0.7000000000000001,0.77916,0.5361
1.0,0.72,0.786,0.5419200000000002
1.0,0.74,0.7849600000000001,0.54134
1.0,0.76,0.78748,0.5461600000000001
1.0,0.78,0.78976,0.5467
1.0,0.8,0.7924000000000001,0.5507
1.0,0.8200000000000001,0.7940200000000001,0.55464
1.0,0.84,0.7960600000000002,0.5557
1.0,0.86,0.79802,0.56082
1.0,0.88,0.7966600000000001,0.5592799999999999
1.0,0.9,0.7983,0.56134
1.0,0.92,0.80106,0.5663800000000001
1.0,0.9400000000000001,0.80226,0.5653400000000001
1.0,0.96,0.80364,0.5676
1.0,0.98,0.8049600000000001,0.5710000000000001
1.0,1.0,0.80404,0.5722599999999999
