theta,beta_U,awareness_density,infection_density
0.0,0.0,0.38492,4e-05
0.0,0.02,0.38388,2e-05
0.0,0.04,0.3845,2e-05
0.0,0.06,0.38576,8e-05
0.0,0.08,0.38697999999999994,4e-05
0.0,0.1,0.38262,2e-05
0.0,0.12,0.38343999999999995,2e-05
0.0,0.14,0.3865,0.00022000000000000006
0.0,0.16,0.38955999999999996,0.0001
0.0,0.18,0.38552,0.00014000000000000001
0.0,0.2,0.38516000000000006,0.00034
0.0,0.22,0.3857200000000001,0.00016
0.0,0.24,0.38524,0.00058
0.0,0.26,0.3851800000000001,0.0021
0.0,0.28,0.4063800000000001,0.02068
0.0,0.3,0.48821999999999993,0.09576000000000003
0.0,0.32,0.51986,0.12834
0.0,0.34,0.57156,0.18642
0.0,0.36,0.60004,0.21766000000000002
0.0,0.38,0.61786,0.24356000000000003
0.0,0.4,0.6613800000000001,0.29604
0.0,0.42,0.6638,0.3025
0.0,0.44,0.6834599999999998,0.33016
0.0,0.46,0.70344,0.35351999999999995
0.0,0.48,0.70934,0.36688000000000004
0.0,0.5,0.7228599999999998,0.38415999999999995
0.0,0.52,0.7340400000000001,0.40088
0.0,0.54,0.74098,0.41450000000000004
0.0,0.56,0.7480999999999999,0.42514
0.0,0.58,0.7525,0.43354
0.0,0.6,0.7597399999999999,0.44412000000000007
0.0,0.62,0.7659200000000002,0.45106
0.0,0.64,0.7692600000000002,0.45980000000000004
0.0,0.66,0.77364,0.4668
0.0,0.68,0.7771800000000002,0.4737199999999999
0.0,0.7000000000000001,0.7819799999999999,0.48322
0.0,0.72,0.7843800000000002,0.48466000000000004
0.0,0.74,0.7875000000000001,0.49117999999999995
0.0,0.76,0.78732,0.49246
0.0,0.78,0.79132,0.49821999999999994
0.0,0.8,0.7905599999999999,0.4986
0.0,0.8200000000000001,0.79496,0.5071000000000001
0.0,0.84,0.79836,0.5091
0.0,0.86,0.79982,0.5127
0.0,0.88,0.80188,0.5158999999999999
0.0,0.9,0.8029000000000001,0.51764
0.0,0.92,0.8023600000000002,0.52002
0.0,0.9400000000000001,0.80534,0.5203
0.0,0.96,0.8066200000000001,0.5256799999999999
0.0,0.98,0.8080200000000001,0.5281199999999999
0.0,1.0,0.8074199999999999,0.5267400000000001
0.02,0.0,0.35983999999999994,4e-05
0.02,0.02,0.35846000000000006,6e-05
0.02,0.04,0.36014,8e-05
0.02,0.06,0.3616,2e-05
0.02,0.08,0.3591000000000001,0.00012
0.02,0.1,0.35796,4e-05
0.02,0.12,0.35822,4e-05
0.02,0.14,0.35952,8e-05
0.02,0.16,0.36121999999999993,0.0005200000000000001
0.02,0.18,0.3615,0.0003800000000000001
0.02,0.2,0.3607,0.00021999999999999998
0.02,0.22,0.36128,0.00068
0.02,0.24,0.3628,0.00172
0.02,0.26,0.36134000000000005,0.00224
0.02,0.28,0.40086,0.031299999999999994
0.02,0.3,0.4625600000000001,0.08654
0.02,0.32,0.52756,0.15076
0.02,0.34,0.5714000000000001,0.19746000000000002
0.02,0.36,0.60574,0.23443999999999998
0.02,0.38,0.62278,0.25660000000000005
0.02,0.4,0.6513,0.2875
0.02,0.42,0.6695200000000001,0.31316
0.02,0.44,0.68466,0.33442
0.02,0.46,0.7008200000000001,0.35638
0.02,0.48,0.71154,0.3726
0.02,0.5,0.7226,0.38953999999999994
0.02,0.52,0.72966,0.4002800000000001
0.02,0.54,0.73812,0.41402000000000005
0.02,0.56,0.7454599999999999,0.42279999999999995
0.02,0.58,0.75286,0.43656
0.02,0.6,0.7585000000000001,0.44334
0.02,0.62,0.7639000000000001,0.45082
0.02,0.64,0.7694000000000001,0.46084
0.02,0.66,0.7708800000000001,0.46477999999999997
0.02,0.68,0.7748,0.47528
0.02,0.7000000000000001,0.77746,0.47672
0.02,0.72,0.7845399999999999,0.4857399999999999
0.02,0.74,0.7867000000000002,0.49252
0.02,0.76,0.7887400000000002,0.4960799999999999
0.02,0.78,0.79026,0.4991
0.02,0.8,0.79218,0.5008199999999999
0.02,0.8200000000000001,0.7955600000000002,0.50528
0.02,0.84,0.79792,0.5114
0.02,0.86,0.8002400000000001,0.5158
0.02,0.88,0.79986,0.51758
0.02,0.9,0.80104,0.51742
0.02,0.92,0.8041399999999999,0.522
0.02,0.9400000000000001,0.8036200000000001,0.52266
0.02,0.96,0.80664,0.52568
0.02,0.98,0.80606,0.52734
0.02,1.0,0.80806,0.53134
0.04,0.0,0.33352000000000004,8e-05
0.04,0.02,0.33676,4e-05
0.04,0.04,0.3334,4e-05
0.04,0.06,0.33636000000000005,0.00014000000000000001
0.04,0.08,0.33407999999999993,8e-05
0.04,0.1,0.33533999999999997,6e-05
0.04,0.12,0.33763999999999994,4e-05
0.04,0.14,0.33458,4e-05
0.04,0.16,0.3349599999999999,0.00042
0.04,0.18,0.33382000000000006,0.0001
0.04,0.2,0.33614000000000005,0.0003800000000000001
0.04,0.22,0.33354,0.0002
0.04,0.24,0.3353000000000001,0.0010799999999999998
0.04,0.26,0.3392,0.00232
0.04,0.28,0.37764000000000003,0.03232
0.04,0.3,0.46221999999999996,0.10221999999999999
0.04,0.32,0.512,0.14737999999999998
0.04,0.34,0.5587,0.1945
0.04,0.36,0.59484,0.23077999999999999
0.04,0.38,0.62578,0.26518
0.04,0.4,0.64614,0.29008
0.04,0.42,0.6608000000000002,0.31144
0.04,0.44,0.6829800000000001,0.33855999999999997
0.04,0.46,0.69744,0.35544000000000003
0.04,0.48,0.7020399999999998,0.36812
0.04,0.5,0.7176399999999998,0.38376000000000005
0.04,0.52,0.72844,0.40190000000000003
0.04,0.54,0.7352599999999999,0.41256
0.04,0.56,0.74048,0.42091999999999996
0.04,0.58,0.7516799999999999,0.43766000000000005
0.04,0.6,0.75604,0.4428399999999999
0.04,0.62,0.7621000000000002,0.4518
0.04,0.64,0.7695000000000001,0.46268
0.04,0.66,0.7703399999999999,0.46634
0.04,0.68,0.7743000000000001,0.47515999999999997
0.04,0.7000000000000001,0.7783999999999999,0.47988
0.04,0.72,0.7808000000000003,0.48662
0.04,0.74,0.7842399999999999,0.4913
0.04,0.76,0.7854799999999998,0.4932
0.04,0.78,0.79294,0.50212
0.04,0.8,0.7918400000000001,0.5040600000000001
0.04,0.8200000000000001,0.7954000000000001,0.50788
0.04,0.84,0.79616,0.5105000000000001
0.04,0.86,0.79888,0.5127
0.04,0.88,0.8002200000000002,0.51698
0.04,0.9,0.80038,0.5179800000000001
0.04,0.92,0.80222,0.52242
0.04,0.9400000000000001,0.8053199999999999,0.52486
0.04,0.96,0.80596,0.52656
0.04,0.98,0.8063400000000001,0.5297200000000001
0.04,1.0,0.8077000000000001,0.53056
0.06,0.0,0.3075399999999999,2e-05
0.06,0.02,0.30614,0.00014000000000000001
0.06,0.04,0.3068,6e-05
0.06,0.06,0.30666,6e-05
0.06,0.08,0.30829999999999996,0.00014000000000000001
0.06,0.1,0.30702,0.0001
0.06,0.12,0.30491999999999997,0.00018
0.06,0.14,0.30682000000000004,4e-05
0.06,0.16,0.30784,0.0
0.06,0.18,0.30728,0.00018
0.06,0.2,0.30907999999999997,0.00042
0.06,0.22,0.30682,0.00068
0.06,0.24,0.30746,0.00158
0.06,0.26,0.31308,0.00384
0.06,0.28,0.36232,0.0395
0.06,0.3,0.4532,0.10872000000000001
0.06,0.32,0.4980399999999999,0.14934
0.06,0.34,0.54472,0.19210000000000002
0.06,0.36,0.5689599999999999,0.21836
0.06,0.38,0.61678,0.26494
0.06,0.4,0.6317200000000001,0.28234
0.06,0.42,0.6614,0.31582000000000005
0.06,0.44,0.6755399999999999,0.33466000000000007
0.06,0.46,0.69226,0.35597999999999996
0.06,0.48,0.7063999999999999,0.3747200000000001
0.06,0.5,0.7156799999999999,0.38858
0.06,0.52,0.72552,0.40080000000000005
0.06,0.54,0.7349799999999999,0.41796
0.06,0.56,0.74152,0.4241
0.06,0.58,0.74726,0.43634
0.06,0.6,0.7520199999999998,0.44106
0.06,0.62,0.7602800000000001,0.45327999999999996
0.06,0.64,0.7543800000000002,0.44780000000000003
0.06,0.66,0.7686,0.4663399999999999
0.06,0.68,0.7751600000000001,0.47515999999999997
0.06,0.7000000000000001,0.77596,0.4783599999999999
0.06,0.72,0.7810400000000002,0.48766
0.06,0.74,0.78392,0.49124
0.06,0.76,0.7867799999999999,0.49444000000000005
0.06,0.78,0.7883400000000002,0.49866
0.06,0.8,0.79106,0.50544
0.06,0.8200000000000001,0.79328,0.5091
0.06,0.84,0.79514,0.5085000000000001
0.06,0.86,0.7975399999999999,0.5161399999999999
0.06,0.88,0.80048,0.51874
0.06,0.9,0.8001800000000001,0.5168
0.06,0.92,0.8021400000000001,0.52236
0.06,0.9400000000000001,0.8029600000000001,0.52378
0.06,0.96,0.8061399999999999,0.52866
0.06,0.98,0.8068000000000001,0.53108
0.06,1.0,0.8057000000000001,0.52878
0.08,0.0,0.27976,8e-05
0.08,0.02,0.2786,6e-05
0.08,0.04,0.28109999999999996,0.00016
0.08,0.06,0.278,0.00012
0.08,0.08,0.28062000000000004,0.00012
0.08,0.1,0.2783,8e-05
0.08,0.12,0.27884,0.00012
0.08,0.14,0.27996000000000004,8e-05
0.08,0.16,0.27788,0.0002
0.08,0.18,0.27998,0.00021999999999999998
0.08,0.2,0.28022,0.00044000000000000007
0.08,0.22,0.28218,0.0012
0.08,0.24,0.2788,0.0007199999999999999
0.08,0.26,0.2857,0.00452
0.08,0.28,0.34240000000000004,0.04324
0.08,0.3,0.44154000000000004,0.114
0.08,0.32,0.50488,0.16585999999999998
0.08,0.34,0.5296,0.18948
0.08,0.36,0.59468,0.24783999999999998
0.08,0.38,0.6108399999999999,0.26572
0.08,0.4,0.62874,0.28393999999999997
0.08,0.42,0.66458,0.32582
0.08,0.44,0.6739,0.33696000000000004
0.08,0.46,0.69002,0.3589199999999999
0.08,0.48,0.7055400000000001,0.37677999999999995
0.08,0.5,0.71564,0.39254
0.08,0.52,0.72652,0.40684
0.08,0.54,0.7329399999999998,0.4171599999999999
0.08,0.56,0.73178,0.41842
0.08,0.58,0.7468799999999999,0.43618
0.08,0.6,0.7521800000000002,0.44402
0.08,0.62,0.75802,0.4540599999999999
0.08,0.64,0.7624000000000001,0.4604600000000001
0.08,0.66,0.7660399999999999,0.4646
0.08,0.68,0.7728,0.47512
0.08,0.7000000000000001,0.77712,0.4812400000000001
0.08,0.72,0.7813399999999998,0.4905
0.08,0.74,0.7806400000000002,0.48934000000000005
0.08,0.76,0.7847799999999999,0.49482000000000004
0.08,0.78,0.78642,0.49682000000000004
0.08,0.8,0.7887000000000001,0.50222
0.08,0.8200000000000001,0.79054,0.5056200000000001
0.08,0.84,0.7957599999999999,0.5129
0.08,0.86,0.7963600000000001,0.51296
0.08,0.88,0.7980800000000001,0.5186000000000001
0.08,0.9,0.79914,0.52112
0.08,0.92,0.8010799999999999,0.52092
0.08,0.9400000000000001,0.8024000000000001,0.5266000000000001
0.08,0.96,0.804,0.52458
0.08,0.98,0.8059400000000001,0.53008
0.08,1.0,0.8055999999999999,0.5306200000000001
0.1,0.0,0.25142000000000003,8e-05
0.1,0.02,0.2501,0.0
0.1,0.04,0.25266,8e-05
0.1,0.06,0.25237999999999994,6e-05
0.1,0.08,0.25300000000000006,0.0001
0.1,0.1,0.25108,0.00012
0.1,0.12,0.25406,0.0003800000000000001
0.1,0.14,0.2526,0.0001
0.1,0.16,0.25214,0.00012
0.1,0.18,0.25310000000000005,0.0006
0.1,0.2,0.25166,0.00012
0.1,0.22,0.25412,0.00054
0.1,0.24,0.25478,0.00026
0.1,0.26,0.26348000000000005,0.006559999999999999
0.1,0.28,0.37300000000000005,0.07456
0.1,0.3,0.43422000000000005,0.12084000000000002
0.1,0.32,0.49400000000000005,0.16660000000000003
0.1,0.34,0.53172,0.20245999999999997
0.1,0.36,0.58008,0.2447
0.1,0.38,0.60224,0.26546
0.1,0.4,0.6275999999999999,0.29361999999999994
0.1,0.42,0.65716,0.32364000000000004
0.1,0.44,0.6734600000000001,0.3434199999999999
0.1,0.46,0.68734,0.35946
0.1,0.48,0.6972400000000002,0.37414000000000003
0.1,0.5,0.7098399999999999,0.39033999999999996
0.1,0.52,0.7239599999999998,0.40762
0.1,0.54,0.73234,0.4194799999999999
0.1,0.56,0.7395599999999999,0.42672000000000004
0.1,0.58,0.7450999999999999,0.43654
0.1,0.6,0.7487999999999999,0.4427
0.1,0.62,0.75714,0.45378000000000007
0.1,0.64,0.75838,0.45868000000000003
0.1,0.66,0.76712,0.46985999999999994
0.1,0.68,0.7721000000000001,0.4797400000000001
0.1,0.7000000000000001,0.7727400000000002,0.4801
0.1,0.72,0.7785399999999999,0.48839999999999995
0.1,0.74,0.7827799999999999,0.4944199999999999
0.1,0.76,0.7849200000000001,0.49831999999999993
0.1,0.78,0.78712,0.4996399999999999
0.1,0.8,0.7907,0.50498
0.1,0.8200000000000001,0.7924199999999999,0.5107600000000001
0.1,0.84,0.79378,0.51312
0.1,0.86,0.79566,0.51742
0.1,0.88,0.79644,0.51614
0.1,0.9,0.79954,0.52216
0.1,0.92,0.801,0.5243800000000001
0.1,0.9400000000000001,0.8004000000000001,0.52362
0.1,0.96,0.80308,0.52886
0.1,0.98,0.80472,0.5297000000000001
0.1,1.0,0.8058000000000001,0.5327400000000001
0.12,0.0,0.22411999999999999,0.00012
0.12,0.02,0.22478,6e-05
0.12,0.04,0.22414,0.00018
0.12,0.06,0.22525999999999996,0.00012
0.12,0.08,0.22451999999999997,0.0
0.12,0.1,0.22494000000000003,0.00030000000000000003
0.12,0.12,0.22374000000000002,0.00032
0.12,0.14,0.22529999999999997,0.00046
0.12,0.16,0.22434,0.00012
0.12,0.18,0.22668000000000002,0.00082
0.12,0.2,0.22492,0.00032
0.12,0.22,0.22674,0.00182
0.12,0.24,0.2275,0.0019
0.12,0.26,0.26698,0.025520000000000004
0.12,0.28,0.37065999999999993,0.08866000000000002
0.12,0.3,0.42529999999999996,0.12612
0.12,0.32,0.47975999999999996,0.16684000000000002
0.12,0.34,0.54024,0.21448
0.12,0.36,0.56228,0.23770000000000002
0.12,0.38,0.5929800000000001,0.26768000000000003
0.12,0.4,0.62616,0.29972
0.12,0.42,0.64492,0.31886000000000003
0.12,0.44,0.6660399999999999,0.34136000000000005
0.12,0.46,0.6827799999999999,0.36207999999999996
0.12,0.48,0.69686,0.37726
0.12,0.5,0.7094,0.39298
0.12,0.52,0.72122,0.40709999999999996
0.12,0.54,0.7271,0.41606000000000004
0.12,0.56,0.7343799999999999,0.42692
0.12,0.58,0.74378,0.43912
0.12,0.6,0.7499599999999998,0.4471
0.12,0.62,0.75398,0.45472
0.12,0.64,0.7628400000000001,0.46554
0.12,0.66,0.7646200000000002,0.46806000000000003
0.12,0.68,0.76842,0.47466
0.12,0.7000000000000001,0.7746000000000002,0.48460000000000003
0.12,0.72,0.77826,0.49064
0.12,0.74,0.77986,0.49097999999999997
0.12,0.76,0.7839800000000001,0.49927999999999995
0.12,0.78,0.7856400000000001,0.50144
0.12,0.8,0.7881199999999999,0.5069
0.12,0.8200000000000001,0.7899600000000001,0.51072
0.12,0.84,0.7925799999999998,0.51312
0.12,0.86,0.79258,0.51498
0.12,0.88,0.79804,0.52056
0.12,0.9,0.7969400000000002,0.5194399999999999
0.12,0.92,0.7992400000000001,0.5220400000000001
0.12,0.9400000000000001,0.8002000000000001,0.5267800000000001
0.12,0.96,0.8016200000000001,0.5282
0.12,0.98,0.80172,0.531
0.12,1.0,0.8046400000000001,0.53396
0.14,0.0,0.19965999999999998,0.00018
0.14,0.02,0.19666,4e-05
0.14,0.04,0.19652,8e-05
0.14,0.06,0.19726000000000002,0.0002
0.14,0.08,0.19804000000000002,0.00014000000000000001
0.14,0.1,0.20021999999999998,6e-05
0.14,0.12,0.19773999999999997,0.00036
0.14,0.14,0.19805999999999999,0.00026
0.14,0.16,0.19752000000000003,6e-05
0.14,0.18,0.19964,0.00046
0.14,0.2,0.20017999999999997,0.0007999999999999999
0.14,0.22,0.19918,0.0009000000000000001
0.14,0.24,0.20794,0.00578
0.14,0.26,0.2776600000000001,0.04442
0.14,0.28,0.36451999999999996,0.09684
0.14,0.3,0.45059999999999995,0.15298
0.14,0.32,0.49386,0.18747999999999998
0.14,0.34,0.5371000000000001,0.22218
0.14,0.36,0.58382,0.26160000000000005
0.14,0.38,0.61104,0.28734
0.14,0.4,0.62888,0.30626
0.14,0.42,0.6453000000000002,0.32614
0.14,0.44,0.6678400000000001,0.3455599999999999
0.14,0.46,0.68396,0.36619999999999997
0.14,0.48,0.69688,0.38076
0.14,0.5,0.70912,0.39754
0.14,0.52,0.7192799999999999,0.41014
0.14,0.54,0.7261799999999998,0.41944
0.14,0.56,0.73586,0.43268000000000006
0.14,0.58,0.7424199999999999,0.44142000000000003
0.14,0.6,0.74618,0.4468
0.14,0.62,0.7552400000000001,0.45828
0.14,0.64,0.76178,0.46754000000000007
0.14,0.66,0.7626800000000001,0.47086
0.14,0.68,0.7692600000000002,0.47848000000000007
0.14,0.7000000000000001,0.7717,0.48375999999999997
0.14,0.72,0.77562,0.48739999999999994
0.14,0.74,0.7826200000000001,0.49945999999999996
0.14,0.76,0.78184,0.49944000000000005
0.14,0.78,0.7850000000000001,0.5030800000000001
0.14,0.8,0.7878000000000002,0.50724
0.14,0.8200000000000001,0.7915799999999998,0.5123000000000001
0.14,0.84,0.7930000000000001,0.51746
0.14,0.86,0.7943600000000001,0.5194000000000001
0.14,0.88,0.7968599999999999,0.52
0.14,0.9,0.79838,0.52466
0.14,0.92,0.7999199999999999,0.52786
0.14,0.9400000000000001,0.79942,0.52656
0.14,0.96,0.8013800000000001,0.53018
0.14,0.98,0.80242,0.5319
0.14,1.0,0.8036600000000002,0.53418
0.16,0.0,0.1725,2e-05
0.16,0.02,0.17369999999999997,0.0001
0.16,0.04,0.17514000000000002,0.00014000000000000001
0.16,0.06,0.16946000000000003,4e-05
0.16,0.08,0.17182000000000003,0.00016
0.16,0.1,0.17400000000000002,0.00018
0.16,0.12,0.17298,0.00014000000000000001
0.16,0.14,0.1751,0.00037999999999999997
0.16,0.16,0.17282,0.00030000000000000003
0.16,0.18,0.17512,0.00028000000000000003
0.16,0.2,0.17555999999999997,0.00068
0.16,0.22,0.17902,0.0023799999999999997
0.16,0.24,0.19258000000000003,0.00974
0.16,0.26,0.30267999999999995,0.06992000000000001
0.16,0.28,0.3697200000000001,0.10828000000000002
0.16,0.3,0.45033999999999996,0.162
0.16,0.32,0.49362,0.19656
0.16,0.34,0.54714,0.23704
0.16,0.36,0.57682,0.26416
0.16,0.38,0.60818,0.29032
0.16,0.4,0.63282,0.31594
0.16,0.42,0.6544600000000002,0.33956
0.16,0.44,0.6695600000000002,0.35275999999999996
0.16,0.46,0.6802600000000001,0.36516
0.16,0.48,0.70012,0.38984
0.16,0.5,0.7073799999999999,0.39742
0.16,0.52,0.72002,0.4136599999999999
0.16,0.54,0.72996,0.42682000000000003
0.16,0.56,0.7356199999999999,0.43546
0.16,0.58,0.74032,0.4418399999999999
0.16,0.6,0.74936,0.45292
0.16,0.62,0.7536400000000001,0.4598
0.16,0.64,0.7598799999999999,0.46907999999999994
0.16,0.66,0.7636,0.47523999999999994
0.16,0.68,0.7645000000000001,0.47557999999999995
0.16,0.7000000000000001,0.7723199999999999,0.48858
0.16,0.72,0.774,0.49006
0.16,0.74,0.77964,0.4986
0.16,0.76,0.78096,0.5010600000000001
0.16,0.78,0.7859199999999998,0.5047999999999999
0.16,0.8,0.78586,0.50468
0.16,0.8200000000000001,0.7894200000000002,0.51364
0.16,0.84,0.7903000000000001,0.51334
0.16,0.86,0.7936999999999999,0.5184200000000001
0.16,0.88,0.79486,0.52032
0.16,0.9,0.79462,0.5213800000000001
0.16,0.92,0.7974800000000001,0.52556
0.16,0.9400000000000001,0.80106,0.5313800000000001
0.16,0.96,0.8007,0.5296400000000001
0.16,0.98,0.80084,0.53132
0.16,1.0,0.8023599999999999,0.5327600000000001
0.18,0.0,0.15054,8e-05
0.18,0.02,0.14964000000000002,8e-05
0.18,0.04,0.14900000000000002,8e-05
0.18,0.06,0.15130000000000002,8e-05
0.18,0.08,0.15032,0.0001
0.18,0.1,0.14944000000000002,0.00021999999999999998
0.18,0.12,0.15212,0.0002
0.18,0.14,0.15192,0.00026000000000000003
0.18,0.16,0.15146,0.00046
0.18,0.18,0.1505,0.00052
0.18,0.2,0.15386,0.0017399999999999998
0.18,0.22,0.15534,0.0021200000000000004
0.18,0.24,0.19720000000000001,0.02326
0.18,0.26,0.31928,0.0892
0.18,0.28,0.38972,0.13198
0.18,0.3,0.4613799999999999,0.17970000000000003
0.18,0.32,0.48705999999999994,0.20113999999999999
0.18,0.34,0.5431,0.24252
0.18,0.36,0.58372,0.27566
0.18,0.38,0.60698,0.29824
0.18,0.4,0.62266,0.31692
0.18,0.42,0.65,0.33836
0.18,0.44,0.6688000000000001,0.36094000000000004
0.18,0.46,0.6817800000000002,0.37431999999999993
0.18,0.48,0.6948800000000002,0.3890600000000001
0.18,0.5,0.7044600000000001,0.40088
0.18,0.52,0.71762,0.41548000000000007
0.18,0.54,0.7234599999999999,0.42558
0.18,0.56,0.7322799999999999,0.43436
0.18,0.58,0.74116,0.44778
0.18,0.6,0.7470200000000001,0.45299999999999996
0.18,0.62,0.75128,0.45915999999999996
0.18,0.64,0.7594399999999999,0.4712199999999999
0.18,0.66,0.7623600000000001,0.47625999999999996
0.18,0.68,0.76696,0.48244
0.18,0.7000000000000001,0.77006,0.48684
0.18,0.72,0.7756599999999999,0.49599999999999994
0.18,0.74,0.77798,0.49927999999999995
0.18,0.76,0.7795000000000001,0.50198
0.18,0.78,0.78384,0.5044200000000001
0.18,0.8,0.7851400000000001,0.50846
0.18,0.8200000000000001,0.7879200000000001,0.51366
0.18,0.84,0.78978,0.5168400000000001
0.18,0.86,0.79214,0.52136
0.18,0.88,0.7927000000000001,0.52178
0.18,0.9,0.7961600000000001,0.5242800000000001
0.18,0.92,0.7976800000000001,0.5286000000000001
0.18,0.9400000000000001,0.7973600000000001,0.5282
0.18,0.96,0.8012200000000002,0.5318600000000001
0.18,0.98,0.8005800000000001,0.5339600000000001
0.18,1.0,0.8020999999999999,0.5343800000000001
0.2,0.0,0.13026,0.00016
0.2,0.02,0.13136,6e-05
0.2,0.04,0.13154000000000002,8e-05
0.2,0.06,0.1303,0.00012
0.2,0.08,0.1286,0.0001
0.2,0.1,0.132,0.0004
0.2,0.12,0.1323,0.00054
0.2,0.14,0.13088,0.00058
0.2,0.16,0.1311,0.00058
0.2,0.18,0.13172,0.00082
0.2,0.2,0.13468000000000002,0.0015600000000000002
0.2,0.22,0.14704,0.00764
0.2,0.24,0.23444000000000004,0.0536
0.2,0.26,0.32193999999999995,0.10132
0.2,0.28,0.38504,0.13916000000000003
0.2,0.3,0.4563399999999999,0.18508
0.2,0.32,0.5122599999999999,0.22612
0.2,0.34,0.54954,0.253
0.2,0.36,0.5815199999999999,0.28341999999999995
0.2,0.38,0.6017800000000001,0.30076
0.2,0.4,0.63346,0.33038000000000006
0.2,0.42,0.6563800000000001,0.35370000000000007
0.2,0.44,0.6701,0.3660600000000001
0.2,0.46,0.6838200000000001,0.3817600000000001
0.2,0.48,0.6914800000000001,0.39055999999999996
0.2,0.5,0.70248,0.40422
0.2,0.52,0.7162,0.41782
0.2,0.54,0.7235799999999999,0.42996
0.2,0.56,0.7326800000000001,0.43916
0.2,0.58,0.7401199999999999,0.44897999999999993
0.2,0.6,0.74744,0.45844
0.2,0.62,0.7519800000000001,0.46458
0.2,0.64,0.7589199999999999,0.47412000000000004
0.2,0.66,0.7615200000000002,0.47814
0.2,0.68,0.7653,0.48214
0.2,0.7000000000000001,0.77078,0.49028000000000005
0.2,0.72,0.77616,0.49707999999999997
0.2,0.74,0.7740400000000001,0.49562000000000006
0.2,0.76,0.7809,0.50444
0.2,0.78,0.7844800000000001,0.5111399999999999
0.2,0.8,0.7870200000000002,0.51478
0.2,0.8200000000000001,0.78798,0.51628
0.2,0.84,0.79112,0.52234
0.2,0.86,0.7926999999999998,0.5226200000000001
0.2,0.88,0.7928000000000002,0.52342
0.2,0.9,0.7970199999999998,0.52984
0.2,0.92,0.7957400000000001,0.52776
0.2,0.9400000000000001,0.79976,0.5334
0.2,0.96,0.7991999999999999,0.53178
0.2,0.98,0.8020999999999999,0.5376000000000001
0.2,1.0,0.8013199999999999,0.5366600000000001
0.22,0.0,0.11135999999999999,2e-05
0.22,0.02,0.10962,6e-05
0.22,0.04,0.10982000000000001,0.00014000000000000001
0.22,0.06,0.11081999999999999,0.00018
0.22,0.08,0.11120000000000001,6e-05
0.22,0.1,0.11346,0.0005
0.22,0.12,0.11060000000000002,0.00037999999999999997
0.22,0.14,0.11082,0.00026
0.22,0.16,0.11230000000000001,0.0005
0.22,0.18,0.11117999999999999,0.0005400000000000001
0.22,0.2,0.11526000000000002,0.0021
0.22,0.22,0.1378,0.01344
0.22,0.24,0.25234,0.07168000000000001
0.22,0.26,0.36918,0.137
0.22,0.28,0.42175999999999997,0.16974000000000003
0.22,0.3,0.47192,0.20439999999999997
0.22,0.32,0.5119400000000001,0.23342
0.22,0.34,0.54488,0.25938
0.22,0.36,0.5915199999999999,0.29656
0.22,0.38,0.60622,0.30856
0.22,0.4,0.6333000000000001,0.33716
0.22,0.42,0.6557999999999999,0.35640000000000005
0.22,0.44,0.6735000000000001,0.37266
0.22,0.46,0.6814000000000001,0.38334
0.22,0.48,0.6924400000000002,0.39608000000000004
0.22,0.5,0.7052999999999998,0.41294
0.22,0.52,0.7149,0.42205999999999994
0.22,0.54,0.72466,0.43343999999999994
0.22,0.56,0.73332,0.44512000000000007
0.22,0.58,0.7362000000000001,0.4476
0.22,0.6,0.7473599999999999,0.46014000000000005
0.22,0.62,0.75054,0.4669
0.22,0.64,0.75872,0.4779
0.22,0.66,0.76132,0.4809800000000001
0.22,0.68,0.76578,0.48602000000000006
0.22,0.7000000000000001,0.7726,0.49732
0.22,0.72,0.77352,0.49748
0.22,0.74,0.7760400000000002,0.50524
0.22,0.76,0.77688,0.5047799999999999
0.22,0.78,0.78204,0.5112600000000002
0.22,0.8,0.78636,0.51578
0.22,0.8200000000000001,0.7882399999999999,0.51908
0.22,0.84,0.78994,0.52172
0.22,0.86,0.7906599999999999,0.5236599999999999
0.22,0.88,0.79298,0.52496
0.22,0.9,0.79644,0.53032
0.22,0.92,0.7957400000000001,0.53022
0.22,0.9400000000000001,0.7981,0.5348
0.22,0.96,0.7970800000000001,0.53476
0.22,0.98,0.80336,0.53714
0.22,1.0,0.80116,0.53836
0.24,0.0,0.09555999999999999,6e-05
0.24,0.02,0.09291999999999997,8e-05
0.24,0.04,0.09608,0.00018
0.24,0.06,0.09476000000000001,0.0002
0.24,0.08,0.0953,0.00032
0.24,0.1,0.09480000000000001,0.0001
0.24,0.12,0.09462,0.0001
0.24,0.14,0.09449999999999999,0.00048
0.24,0.16,0.09556,0.0007400000000000001
0.24,0.18,0.09459999999999999,0.0008799999999999999
0.24,0.2,0.10439999999999999,0.0053
0.24,0.22,0.18096,0.04205999999999999
0.24,0.24,0.26908,0.08946
0.24,0.26,0.36602,0.14271999999999999
0.24,0.28,0.42502,0.17986000000000005
0.24,0.3,0.47473999999999994,0.21298000000000003
0.24,0.32,0.5249200000000002,0.24904000000000004
0.24,0.34,0.55784,0.27324
0.24,0.36,0.5664,0.28672000000000003
0.24,0.38,0.6188400000000001,0.32602000000000003
0.24,0.4,0.63348,0.34291999999999995
0.24,0.42,0.65294,0.3578
0.24,0.44,0.6641800000000001,0.3720399999999999
0.24,0.46,0.67956,0.38908000000000004
0.24,0.48,0.6922999999999999,0.40068000000000004
0.24,0.5,0.7071999999999999,0.41624
0.24,0.52,0.7149399999999999,0.42741999999999997
0.24,0.54,0.72292,0.4369200000000001
0.24,0.56,0.72958,0.44364000000000003
0.24,0.58,0.7387399999999998,0.45677999999999996
0.24,0.6,0.7461200000000001,0.46281999999999995
0.24,0.62,0.7481,0.46764000000000006
0.24,0.64,0.7575,0.47985999999999995
0.24,0.66,0.7618199999999998,0.48416
0.24,0.68,0.7675799999999999,0.49248
0.24,0.7000000000000001,0.7686200000000001,0.49462000000000006
0.24,0.72,0.77404,0.49927999999999995
0.24,0.74,0.77766,0.5068600000000001
0.24,0.76,0.7780800000000002,0.5079
0.24,0.78,0.78298,0.51408
0.24,0.8,0.78526,0.51658
0.24,0.8200000000000001,0.7853800000000001,0.51822
0.24,0.84,0.79062,0.52358
0.24,0.86,0.7927000000000001,0.52874
0.24,0.88,0.7920200000000002,0.52754
0.24,0.9,0.7948799999999998,0.53094
0.24,0.92,0.7980999999999999,0.53426
0.24,0.9400000000000001,0.7995599999999999,0.53832
0.24,0.96,0.8006,0.54016
0.24,0.98,0.8000799999999999,0.5406800000000002
0.24,1.0,0.7995399999999999,0.53852
0.26,0.0,0.0783,8e-05
0.26,0.02,0.07816000000000001,0.00018
0.26,0.04,0.07886000000000001,0.00014000000000000001
0.26,0.06,0.07936000000000001,0.00046
0.26,0.08,0.0805,0.00032
0.26,0.1,0.08078000000000002,0.0003800000000000001
0.26,0.12,0.08208000000000001,0.00056
0.26,0.14,0.0809,0.00066
0.26,0.16,0.0824,0.00128
0.26,0.18,0.08362,0.00198
0.26,0.2,0.11329999999999998,0.01598
0.26,0.22,0.22754000000000002,0.07343999999999999
0.26,0.24,0.32324,0.12517999999999999
0.26,0.26,0.39519999999999994,0.1684
0.26,0.28,0.44551999999999997,0.19963999999999998
0.26,0.3,0.50404,0.23944
0.26,0.32,0.53148,0.26294
0.26,0.34,0.56664,0.28724
0.26,0.36,0.5898599999999999,0.30802
0.26,0.38,0.61476,0.32908000000000004
0.26,0.4,0.63562,0.3508
0.26,0.42,0.6562600000000001,0.36967999999999995
0.26,0.44,0.66774,0.38026000000000004
0.26,0.46,0.6827999999999999,0.39776000000000006
0.26,0.48,0.6958,0.41141999999999995
0.26,0.5,0.7088400000000001,0.42488
0.26,0.52,0.71748,0.43518
0.26,0.54,0.7231399999999999,0.44022000000000006
0.26,0.56,0.7315199999999998,0.45065999999999995
0.26,0.58,0.7408599999999999,0.46226000000000006
0.26,0.6,0.7461,0.46814
0.26,0.62,0.7499000000000001,0.4736
0.26,0.64,0.7539199999999999,0.47918
0.26,0.66,0.7619000000000001,0.48978
0.26,0.68,0.7643800000000001,0.49114
0.26,0.7000000000000001,0.77146,0.502
0.26,0.72,0.7732600000000001,0.5043400000000001
0.26,0.74,0.7764600000000002,0.50856
0.26,0.76,0.77874,0.51158
0.26,0.78,0.78288,0.51788
0.26,0.8,0.7847000000000002,0.52144
0.26,0.8200000000000001,0.7858600000000001,0.5209999999999999
0.26,0.84,0.78858,0.52468
0.26,0.86,0.79,0.52644
0.26,0.88,0.7933600000000002,0.53246
0.26,0.9,0.79582,0.53722
0.26,0.92,0.79854,0.5393399999999999
0.26,0.9400000000000001,0.7969200000000001,0.53762
0.26,0.96,0.7989600000000001,0.54064
0.26,0.98,0.7991799999999999,0.54458
0.26,1.0,0.80062,0.54364
0.28,0.0,0.06764,0.00018
0.28,0.02,0.06672,8e-05
0.28,0.04,0.06778,0.00026000000000000003
0.28,0.06,0.06774,0.00014000000000000001
0.28,0.08,0.06852,0.00041999999999999996
0.28,0.1,0.06958000000000002,0.00098
0.28,0.12,0.06698,0.00046
0.28,0.14,0.06846000000000001,0.00078
0.28,0.16,0.07036000000000002,0.002
0.28,0.18,0.07144,0.0023599999999999997
0.28,0.2,0.11747999999999999,0.024399999999999998
0.28,0.22,0.22397999999999998,0.07863999999999999
0.28,0.24,0.31523999999999996,0.12868000000000002
0.28,0.26,0.38352,0.16956000000000004
0.28,0.28,0.4563400000000001,0.21399999999999994
0.28,0.3,0.49658,0.24302000000000004
0.28,0.32,0.5304400000000001,0.26814000000000004
0.28,0.34,0.56904,0.29828
0.28,0.36,0.59422,0.31882
0.28,0.38,0.61644,0.33612000000000003
0.28,0.4,0.6368,0.35736000000000007
0.28,0.42,0.6577399999999999,0.37592000000000003
0.28,0.44,0.66866,0.38406
0.28,0.46,0.6835600000000001,0.40279999999999994
0.28,0.48,0.6994400000000001,0.41886
0.28,0.5,0.7088800000000001,0.42654
0.28,0.52,0.7159,0.43621999999999994
0.28,0.54,0.7260400000000001,0.44723999999999997
0.28,0.56,0.73204,0.4547800000000001
0.28,0.58,0.7380999999999999,0.46429999999999993
0.28,0.6,0.74546,0.4714400000000001
0.28,0.62,0.7520399999999999,0.48094000000000003
0.28,0.64,0.7569000000000001,0.4865
0.28,0.66,0.76152,0.49101999999999996
0.28,0.68,0.7631200000000001,0.49518000000000006
0.28,0.7000000000000001,0.7686,0.50222
0.28,0.72,0.77396,0.50822
0.28,0.74,0.7772199999999999,0.51144
0.28,0.76,0.7799,0.51524
0.28,0.78,0.78022,0.5192800000000001
0.28,0.8,0.7816400000000001,0.52014
0.28,0.8200000000000001,0.7883199999999999,0.5282
0.28,0.84,0.7873600000000001,0.52716
0.28,0.86,0.78986,0.53044
0.28,0.88,0.79196,0.53512
0.28,0.9,0.79378,0.5365800000000001
0.28,0.92,0.7961399999999998,0.54082
0.28,0.9400000000000001,0.7965399999999999,0.53922
0.28,0.96,0.79672,0.54124
0.28,0.98,0.80018,0.5470200000000001
0.28,1.0,0.80206,0.5466600000000001
0.3,0.0,0.05622,0.00014000000000000001
0.3,0.02,0.05512,0.00014000000000000001
0.3,0.04,0.05561999999999998,0.00018
0.3,0.06,0.05626,0.0005400000000000001
0.3,0.08,0.05635999999999999,0.0005200000000000001
0.3,0.1,0.05576,0.00026
0.3,0.12,0.05786,0.00096
0.3,0.14,0.057960000000000005,0.00166
0.3,0.16,0.059219999999999995,0.00082
0.3,0.18,0.06781999999999999,0.005520000000000001
0.3,0.2,0.16716,0.05528
0.3,0.22,0.27252,0.11148
0.3,0.24,0.34124000000000004,0.1489
0.3,0.26,0.4139,0.19451999999999997
0.3,0.28,0.47292,0.23312000000000002
0.3,0.3,0.5047,0.2565
0.3,0.32,0.54246,0.2849
0.3,0.34,0.57938,0.30984
0.3,0.36,0.6002399999999999,0.32858000000000004
0.3,0.38,0.624,0.3511399999999999
0.3,0.4,0.6397,0.3625
0.3,0.42,0.6592199999999999,0.38182000000000005
0.3,0.44,0.67404,0.39703999999999995
0.3,0.46,0.68096,0.40556000000000003
0.3,0.48,0.6973000000000001,0.4224
0.3,0.5,0.70454,0.42866
0.3,0.52,0.7186999999999999,0.44578
0.3,0.54,0.7246000000000001,0.45071999999999995
0.3,0.56,0.73098,0.45973999999999987
0.3,0.58,0.74,0.46881999999999996
0.3,0.6,0.7451599999999999,0.47507999999999995
0.3,0.62,0.7502999999999999,0.48005999999999993
0.3,0.64,0.7536,0.48706000000000005
0.3,0.66,0.7595000000000001,0.49366
0.3,0.68,0.76278,0.49728
0.3,0.7000000000000001,0.7683,0.50624
0.3,0.72,0.7728,0.5105200000000001
0.3,0.74,0.77544,0.51514
0.3,0.76,0.7791599999999999,0.5214200000000001
0.3,0.78,0.7810200000000002,0.5223000000000001
0.3,0.8,0.78212,0.52508
0.3,0.8200000000000001,0.78444,0.52708
0.3,0.84,0.78888,0.5330400000000001
0.3,0.86,0.79014,0.5371400000000002
0.3,0.88,0.7918599999999999,0.5381
0.3,0.9,0.7958600000000001,0.54278
0.3,0.92,0.7949999999999998,0.5413600000000001
0.3,0.9400000000000001,0.7991800000000001,0.5490999999999999
0.3,0.96,0.79732,0.5451600000000001
0.3,0.98,0.8004600000000001,0.54838
0.3,1.0,0.79944,0.54732
0.32,0.0,0.04646000000000001,0.00018
0.32,0.02,0.04792,0.00026000000000000003
0.32,0.04,0.047599999999999996,0.0003
0.32,0.06,0.047200000000000006,0.00074
0.32,0.08,0.047400000000000005,0.00016
0.32,0.1,0.04723999999999999,0.00068
0.32,0.12,0.04822000000000001,0.00052
0.32,0.14,0.04861999999999999,0.0008799999999999999
0.32,0.16,0.05322,0.0029
0.32,0.18,0.0906,0.02178
0.32,0.2,0.19464000000000004,0.07536000000000001
0.32,0.22,0.30416,0.13524
0.32,0.24,0.34718000000000004,0.15899999999999997
0.32,0.26,0.4266,0.20788
0.32,0.28,0.48113999999999996,0.24488000000000004
0.32,0.3,0.5197600000000001,0.27225999999999995
0.32,0.32,0.5503399999999999,0.29581999999999997
0.32,0.34,0.575,0.3154
0.32,0.36,0.6044799999999999,0.33898000000000006
0.32,0.38,0.62524,0.35657999999999995
0.32,0.4,0.64118,0.37198
0.32,0.42,0.6582399999999999,0.38654000000000005
0.32,0.44,0.67408,0.40212000000000003
0.32,0.46,0.6845,0.41679999999999995
0.32,0.48,0.6978800000000001,0.42804
0.32,0.5,0.7079,0.4373
0.32,0.52,0.7168599999999999,0.44744
0.32,0.54,0.7232000000000001,0.4567
0.32,0.56,0.73322,0.46577999999999997
0.32,0.58,0.73874,0.47240000000000004
0.32,0.6,0.7433,0.47794000000000003
0.32,0.62,0.7475799999999999,0.48174000000000006
0.32,0.64,0.7544799999999999,0.4913199999999999
0.32,0.66,0.7600600000000002,0.5002600000000001
0.32,0.68,0.7618,0.50148
0.32,0.7000000000000001,0.7681399999999999,0.5100199999999999
0.32,0.72,0.7722200000000001,0.51442
0.32,0.74,0.7750800000000001,0.51728
0.32,0.76,0.7765399999999998,0.52068
0.32,0.78,0.78228,0.52654
0.32,0.8,0.7831599999999999,0.52852
0.32,0.8200000000000001,0.7850400000000001,0.5318
0.32,0.84,0.7892200000000001,0.5364
0.32,0.86,0.7916599999999999,0.5389200000000001
0.32,0.88,0.7899,0.5390400000000001
0.32,0.9,0.79334,0.54202
0.32,0.92,0.7946000000000001,0.5453800000000001
0.32,0.9400000000000001,0.79636,0.5467
0.32,0.96,0.7967000000000002,0.54804
0.32,0.98,0.79648,0.54844
0.32,1.0,0.7999400000000001,0.55192
0.34,0.0,0.03932,0.0
0.34,0.02,0.03928,0.00018
0.34,0.04,0.037200000000000004,0.00020000000000000004
0.34,0.06,0.03906,4e-05
0.34,0.08,0.03954,0.00048
0.34,0.1,0.03952,0.00041999999999999996
0.34,0.12,0.0408,0.00082
0.34,0.14,0.04182000000000001,0.0014600000000000001
0.34,0.16,0.0437,0.0027
0.34,0.18,0.11558,0.038400000000000004
0.34,0.2,0.21395999999999998,0.09147999999999999
0.34,0.22,0.30522,0.14254
0.34,0.24,0.36288000000000004,0.17859999999999998
0.34,0.26,0.43762000000000006,0.22328
0.34,0.28,0.4785200000000001,0.24808
0.34,0.3,0.52314,0.28179999999999994
0.34,0.32,0.55626,0.30639999999999995
0.34,0.34,0.5705,0.31926000000000004
0.34,0.36,0.60658,0.34765999999999997
0.34,0.38,0.62966,0.36669999999999997
0.34,0.4,0.64794,0.38268
0.34,0.42,0.6632600000000001,0.39798
0.34,0.44,0.6728000000000001,0.40571999999999997
0.34,0.46,0.6845200000000001,0.41896
0.34,0.48,0.69936,0.4336
0.34,0.5,0.7083399999999999,0.44467999999999996
0.34,0.52,0.7147200000000001,0.4496
0.34,0.54,0.72288,0.45948000000000006
0.34,0.56,0.73216,0.47036
0.34,0.58,0.7402599999999999,0.47667999999999994
0.34,0.6,0.7469800000000001,0.48507999999999996
0.34,0.62,0.7478999999999999,0.48766
0.34,0.64,0.7567,0.49806000000000006
0.34,0.66,0.7597000000000002,0.50324
0.34,0.68,0.7655200000000001,0.50908
0.34,0.7000000000000001,0.76574,0.51112
0.34,0.72,0.7708400000000001,0.51584
0.34,0.74,0.77626,0.52296
0.34,0.76,0.7773,0.52644
0.34,0.78,0.78078,0.5272399999999999
0.34,0.8,0.7824200000000002,0.53098
0.34,0.8200000000000001,0.7863800000000001,0.5361199999999999
0.34,0.84,0.78872,0.53952
0.34,0.86,0.78734,0.53936
0.34,0.88,0.79046,0.54326
0.34,0.9,0.79206,0.5449200000000001
0.34,0.92,0.79496,0.5481000000000001
0.34,0.9400000000000001,0.7947,0.54954
0.34,0.96,0.7956,0.5508000000000001
0.34,0.98,0.79548,0.5525
0.34,1.0,0.8006000000000002,0.55616
0.36,0.0,0.03352,0.0001
0.36,0.02,0.03264,0.00016
0.36,0.04,0.032659999999999995,0.00034
0.36,0.06,0.033400000000000006,0.00046
0.36,0.08,0.034,0.00064
0.36,0.1,0.034339999999999996,0.00062
0.36,0.12,0.034460000000000005,0.0012
0.36,0.14,0.034960000000000005,0.0014800000000000002
0.36,0.16,0.045959999999999994,0.00728
0.36,0.18,0.14823999999999998,0.060939999999999994
0.36,0.2,0.25728,0.12148000000000002
0.36,0.22,0.34360000000000007,0.1702
0.36,0.24,0.37628000000000006,0.1931
0.36,0.26,0.44494000000000006,0.2334
0.36,0.28,0.4867,0.26342
0.36,0.3,0.5297,0.29466000000000003
0.36,0.32,0.56084,0.31610000000000005
0.36,0.34,0.5814,0.33242
0.36,0.36,0.60402,0.35241999999999996
0.36,0.38,0.62836,0.3727
0.36,0.4,0.64812,0.39074
0.36,0.42,0.66046,0.4004
0.36,0.44,0.6785,0.4174800000000001
0.36,0.46,0.68732,0.4269799999999999
0.36,0.48,0.69576,0.43526
0.36,0.5,0.7102999999999998,0.4499
0.36,0.52,0.71556,0.45586
0.36,0.54,0.7259199999999999,0.46572
0.36,0.56,0.73086,0.47523999999999994
0.36,0.58,0.74112,0.48524
0.36,0.6,0.74444,0.48916
0.36,0.62,0.74844,0.49454
0.36,0.64,0.75384,0.4995799999999999
0.36,0.66,0.7605399999999999,0.50894
0.36,0.68,0.7649400000000002,0.5142599999999999
0.36,0.7000000000000001,0.7685200000000001,0.5175800000000002
0.36,0.72,0.77046,0.52022
0.36,0.74,0.77428,0.52578
0.36,0.76,0.77512,0.5248200000000001
0.36,0.78,0.7795599999999999,0.53192
0.36,0.8,0.78184,0.53484
0.36,0.8200000000000001,0.78328,0.5357200000000001
0.36,0.84,0.7865399999999998,0.5410600000000001
0.36,0.86,0.7876399999999998,0.5429200000000002
0.36,0.88,0.79086,0.54592
0.36,0.9,0.79454,0.55102
0.36,0.92,0.79362,0.55202
0.36,0.9400000000000001,0.79476,0.55242
0.36,0.96,0.7975999999999999,0.55536
0.36,0.98,0.7978200000000001,0.5564800000000001
0.36,1.0,0.79888,0.55878
0.38,0.0,0.026639999999999997,0.00016
0.38,0.02,0.0259,0.00018
0.38,0.04,0.027059999999999994,0.00024
0.38,0.06,0.027659999999999997,0.00028000000000000003
0.38,0.08,0.027099999999999996,0.00058
0.38,0.1,0.027799999999999995,0.0008800000000000001
0.38,0.12,0.0279,0.00098
0.38,0.14,0.03204,0.0027600000000000003
0.38,0.16,0.05118,0.013940000000000001
0.38,0.18,0.14978,0.06586000000000002
0.38,0.2,0.27712,0.13946000000000003
0.38,0.22,0.33034000000000013,0.17045999999999994
0.38,0.24,0.4045,0.21588000000000002
0.38,0.26,0.45809999999999995,0.25038
0.38,0.28,0.49611999999999995,0.27542000000000005
0.38,0.3,0.52988,0.3004
0.38,0.32,0.5586000000000001,0.32223999999999997
0.38,0.34,0.5899599999999999,0.34678
0.38,0.36,0.6090199999999999,0.3619
0.38,0.38,0.62922,0.37992000000000004
0.38,0.4,0.64342,0.39214
0.38,0.42,0.6614200000000001,0.40832
0.38,0.44,0.6768000000000001,0.42127999999999993
0.38,0.46,0.68836,0.4359
0.38,0.48,0.6957199999999999,0.44018
0.38,0.5,0.7076800000000002,0.45277999999999996
0.38,0.52,0.7147399999999999,0.45925999999999995
0.38,0.54,0.7230599999999998,0.46760000000000007
0.38,0.56,0.7299999999999999,0.4788599999999999
0.38,0.58,0.73702,0.4846599999999999
0.38,0.6,0.7459,0.4951
0.38,0.62,0.7521599999999999,0.5026200000000001
0.38,0.64,0.75348,0.5036200000000001
0.38,0.66,0.7606200000000001,0.5105999999999999
0.38,0.68,0.7605000000000001,0.51198
0.38,0.7000000000000001,0.76736,0.52212
0.38,0.72,0.7701000000000002,0.52314
0.38,0.74,0.77394,0.5282200000000001
0.38,0.76,0.7760000000000001,0.53248
0.38,0.78,0.77872,0.5356000000000001
0.38,0.8,0.7820800000000001,0.5393000000000001
0.38,0.8200000000000001,0.7842800000000001,0.5422600000000001
0.38,0.84,0.7839200000000001,0.54244
0.38,0.86,0.7879,0.5471
0.38,0.88,0.79034,0.5517
0.38,0.9,0.7914600000000002,0.55222
0.38,0.92,0.79268,0.55524
0.38,0.9400000000000001,0.79454,0.5548200000000001
0.38,0.96,0.7975000000000001,0.55818
0.38,0.98,0.7992000000000001,0.5626199999999999
0.38,1.0,0.8007000000000001,0.56542
0.4,0.0,0.021319999999999995,0.00018
0.4,0.02,0.02314,0.00012
0.4,0.04,0.022019999999999994,8e-05
0.4,0.06,0.02246,0.00028000000000000003
0.4,0.08,0.022699999999999994,0.0005
0.4,0.1,0.024479999999999995,0.0014000000000000002
0.4,0.12,0.023879999999999995,0.00146
0.4,0.14,0.026879999999999998,0.0027
0.4,0.16,0.06812,0.02532
0.4,0.18,0.17934,0.08794
0.4,0.2,0.26055999999999996,0.13546000000000002
0.4,0.22,0.35757999999999995,0.19018000000000002
0.4,0.24,0.40052,0.2208
0.4,0.26,0.45898000000000005,0.25803999999999994
0.4,0.28,0.48824,0.27886
0.4,0.3,0.53624,0.31016
0.4,0.32,0.56096,0.32962
0.4,0.34,0.5927799999999999,0.35409999999999997
0.4,0.36,0.6089800000000001,0.36769999999999997
0.4,0.38,0.63316,0.38744
0.4,0.4,0.65154,0.40684
0.4,0.42,0.66246,0.41398
0.4,0.44,0.6773599999999999,0.42768
0.4,0.46,0.68676,0.43882000000000004
0.4,0.48,0.6983399999999998,0.4497
0.4,0.5,0.7088,0.46118000000000003
0.4,0.52,0.7150199999999998,0.46492000000000006
0.4,0.54,0.72422,0.47656
0.4,0.56,0.7313,0.48220000000000013
0.4,0.58,0.7404599999999999,0.49294000000000004
0.4,0.6,0.7432199999999999,0.49657999999999997
0.4,0.62,0.7474999999999998,0.50062
0.4,0.64,0.7535599999999999,0.5096399999999999
0.4,0.66,0.7595200000000001,0.51632
0.4,0.68,0.76268,0.5190199999999999
0.4,0.7000000000000001,0.76724,0.5245200000000001
0.4,0.72,0.7722999999999999,0.52986
0.4,0.74,0.7726200000000002,0.5331000000000001
0.4,0.76,0.77476,0.5340199999999999
0.4,0.78,0.7779200000000002,0.53706
0.4,0.8,0.78,0.5415400000000001
0.4,0.8200000000000001,0.7834800000000002,0.54584
0.4,0.84,0.786,0.5472600000000001
0.4,0.86,0.78854,0.5517400000000001
0.4,0.88,0.7906200000000001,0.55396
0.4,0.9,0.7908799999999999,0.5556200000000001
0.4,0.92,0.79262,0.55728
0.4,0.9400000000000001,0.79256,0.5566
0.4,0.96,0.7948600000000002,0.56092
0.4,0.98,0.7967600000000001,0.5638000000000001
0.4,1.0,0.79734,0.56574
0.42,0.0,0.018200000000000004,0.00016
0.42,0.02,0.018280000000000005,0.00028000000000000003
0.42,0.04,0.018300000000000004,0.00028000000000000003
0.42,0.06,0.019280000000000002,0.0005200000000000001
0.42,0.08,0.0198,0.0007800000000000001
0.42,0.1,0.02046,0.0014200000000000003
0.42,0.12,0.01998,0.00128
0.42,0.14,0.02515999999999999,0.00404
0.42,0.16,0.09666000000000001,0.046279999999999995
0.42,0.18,0.20962000000000003,0.10998000000000001
0.42,0.2,0.28482,0.15576
0.42,0.22,0.37262,0.20811999999999997
0.42,0.24,0.41530000000000006,0.23601999999999998
0.42,0.26,0.45748000000000005,0.26454
0.42,0.28,0.51166,0.29998
0.42,0.3,0.5389200000000001,0.31938
0.42,0.32,0.56474,0.3407
0.42,0.34,0.59396,0.36294
0.42,0.36,0.61664,0.37958
0.42,0.38,0.63148,0.39418
0.42,0.4,0.65086,0.41032
0.42,0.42,0.6661,0.42153999999999997
0.42,0.44,0.67958,0.43939999999999996
0.42,0.46,0.6901600000000001,0.44467999999999996
0.42,0.48,0.69918,0.4546799999999999
0.42,0.5,0.7082200000000002,0.4636
0.42,0.52,0.7159,0.4721599999999999
0.42,0.54,0.7210799999999999,0.47785999999999995
0.42,0.56,0.73206,0.48946
0.42,0.58,0.73966,0.49802
0.42,0.6,0.7454799999999999,0.5060600000000001
0.42,0.62,0.74776,0.50578
0.42,0.64,0.75104,0.50988
0.42,0.66,0.7584200000000001,0.5183800000000001
0.42,0.68,0.7625600000000001,0.52258
0.42,0.7000000000000001,0.7658600000000001,0.52568
0.42,0.72,0.76802,0.5295799999999999
0.42,0.74,0.7741800000000002,0.53878
0.42,0.76,0.7777200000000001,0.5416400000000001
0.42,0.78,0.7788399999999999,0.5416
0.42,0.8,0.78318,0.54734
0.42,0.8200000000000001,0.78348,0.54926
0.42,0.84,0.78504,0.5510400000000001
0.42,0.86,0.787,0.55422
0.42,0.88,0.7905800000000001,0.5593
0.42,0.9,0.7924400000000001,0.5600999999999999
0.42,0.92,0.7911,0.5594
0.42,0.9400000000000001,0.79404,0.56434
0.42,0.96,0.79644,0.56728
0.42,0.98,0.79618,0.5683400000000001
0.42,1.0,0.7995199999999998,0.57118
0.44,0.0,0.01518,0.00028000000000000003
0.44,0.02,0.01524,0.00016
0.44,0.04,0.014539999999999999,0.0
0.44,0.06,0.01652,0.0007600000000000002
0.44,0.08,0.016300000000000002,0.0010600000000000002
0.44,0.1,0.016,0.0009
0.44,0.12,0.01866,0.00222
0.44,0.14,0.024679999999999994,0.0054800000000000005
0.44,0.16,0.11114,0.05706000000000001
0.44,0.18,0.22628,0.12612
0.44,0.2,0.31464,0.17896
0.44,0.22,0.37052,0.21184
0.44,0.24,0.43483999999999995,0.25506
0.44,0.26,0.44566,0.2646
0.44,0.28,0.5067,0.30400000000000005
0.44,0.3,0.5463,0.3308
0.44,0.32,0.5728199999999999,0.35229999999999995
0.44,0.34,0.59576,0.37138000000000004
0.44,0.36,0.61808,0.38748000000000005
0.44,0.38,0.6346799999999999,0.40314
0.44,0.4,0.6480400000000002,0.41478000000000004
0.44,0.42,0.6651400000000001,0.42979999999999996
0.44,0.44,0.67782,0.44016
0.44,0.46,0.6901,0.45294000000000006
0.44,0.48,0.6982200000000001,0.45803999999999995
0.44,0.5,0.70998,0.4704
0.44,0.52,0.7173999999999999,0.47919999999999996
0.44,0.54,0.7257799999999999,0.4847600000000001
0.44,0.56,0.73358,0.4953799999999999
0.44,0.58,0.7386199999999999,0.5018800000000001
0.44,0.6,0.7444,0.5062
0.44,0.62,0.74926,0.51178
0.44,0.64,0.7553799999999998,0.52044
0.44,0.66,0.7587400000000001,0.52444
0.44,0.68,0.7618000000000003,0.525
0.44,0.7000000000000001,0.76724,0.53476
0.44,0.72,0.77016,0.5361
0.44,0.74,0.77142,0.5416200000000001
0.44,0.76,0.7746800000000001,0.54382
0.44,0.78,0.77904,0.54668
0.44,0.8,0.7816600000000001,0.55278
0.44,0.8200000000000001,0.7817000000000001,0.55184
0.44,0.84,0.7847799999999999,0.5538000000000001
0.44,0.86,0.78646,0.55742
0.44,0.88,0.7911600000000001,0.5636399999999999
0.44,0.9,0.78952,0.5614200000000001
0.44,0.92,0.79254,0.5657599999999999
0.44,0.9400000000000001,0.79538,0.56846
0.44,0.96,0.7945399999999999,0.5679000000000001
0.44,0.98,0.7943600000000001,0.5679
0.44,1.0,0.7977199999999999,0.57102
0.46,0.0,0.011660000000000002,0.0001
0.46,0.02,0.01256,0.00048
0.46,0.04,0.01228,0.00020000000000000004
0.46,0.06,0.01394,0.0007600000000000002
0.46,0.08,0.013300000000000001,0.0009
0.46,0.1,0.01428,0.00118
0.46,0.12,0.015700000000000002,0.0020800000000000003
0.46,0.14,0.02598,0.00852
0.46,0.16,0.12230000000000002,0.06663999999999999
0.46,0.18,0.21733999999999998,0.12428
0.46,0.2,0.30247999999999997,0.1773
0.46,0.22,0.38142,0.22626
0.46,0.24,0.42822000000000005,0.25658
0.46,0.26,0.46588,0.28250000000000003
0.46,0.28,0.5220799999999999,0.3212
0.46,0.3,0.5506800000000001,0.34192000000000006
0.46,0.32,0.5757,0.3607999999999999
0.46,0.34,0.5991599999999999,0.38034
0.46,0.36,0.6182,0.39408
0.46,0.38,0.6385200000000001,0.4094
0.46,0.4,0.6554000000000001,0.42562
0.46,0.42,0.66944,0.44004000000000004
0.46,0.44,0.67842,0.44717999999999997
0.46,0.46,0.6913399999999998,0.45804
0.46,0.48,0.7005799999999998,0.4672
0.46,0.5,0.70828,0.47468
0.46,0.52,0.71946,0.48456000000000005
0.46,0.54,0.7267999999999999,0.4934799999999999
0.46,0.56,0.7334199999999998,0.50014
0.46,0.58,0.73674,0.5051200000000001
0.46,0.6,0.74684,0.51396
0.46,0.62,0.7473399999999999,0.5171
0.46,0.64,0.7560800000000001,0.52508
0.46,0.66,0.7577200000000001,0.52976
0.46,0.68,0.76274,0.5312600000000001
0.46,0.7000000000000001,0.7659400000000001,0.5351800000000001
0.46,0.72,0.7696200000000001,0.5429200000000001
0.46,0.74,0.7721799999999999,0.5433800000000001
0.46,0.76,0.7758400000000001,0.5489400000000001
0.46,0.78,0.7778600000000001,0.55334
0.46,0.8,0.7819400000000001,0.55428
0.46,0.8200000000000001,0.7818800000000001,0.5570200000000001
0.46,0.84,0.7834400000000001,0.5594600000000001
0.46,0.86,0.7895800000000002,0.56562
0.46,0.88,0.78834,0.5646
0.46,0.9,0.7908999999999999,0.5670599999999999
0.46,0.92,0.7918200000000002,0.56854
0.46,0.9400000000000001,0.7924399999999998,0.5696800000000001
0.46,0.96,0.7945,0.57114
0.46,0.98,0.7966799999999999,0.5743
0.46,1.0,0.79554,0.57294
0.48,0.0,0.0105,0.00018
0.48,0.02,0.0108,0.0005
0.48,0.04,0.010700000000000001,0.00054
0.48,0.06,0.01208,0.0010400000000000001
0.48,0.08,0.010960000000000001,0.0007000000000000001
0.48,0.1,0.01088,0.0010400000000000001
0.48,0.12,0.014420000000000002,0.0029800000000000004
0.48,0.14,0.02888,0.011960000000000002
0.48,0.16,0.13098,0.07532000000000001
0.48,0.18,0.23404,0.14100000000000001
0.48,0.2,0.3239,0.19522000000000003
0.48,0.22,0.39148000000000005,0.23952
0.48,0.24,0.44448,0.27438
0.48,0.26,0.47012,0.28994000000000003
0.48,0.28,0.52296,0.32816
0.48,0.3,0.5540999999999999,0.34894
0.48,0.32,0.5733999999999999,0.36499999999999994
0.48,0.34,0.6072200000000001,0.39153999999999994
0.48,0.36,0.62148,0.40356000000000003
0.48,0.38,0.6361200000000001,0.4143999999999999
0.48,0.4,0.6561400000000001,0.43155999999999994
0.48,0.42,0.6659400000000001,0.44165999999999994
0.48,0.44,0.68156,0.45498000000000005
0.48,0.46,0.69022,0.46348000000000006
0.48,0.48,0.6992200000000001,0.46996000000000004
0.48,0.5,0.7087399999999999,0.48129999999999995
0.48,0.52,0.71532,0.48868
0.48,0.54,0.7230200000000001,0.49424
0.48,0.56,0.7304,0.50192
0.48,0.58,0.7356,0.50812
0.48,0.6,0.7419999999999999,0.5147400000000001
0.48,0.62,0.7487600000000001,0.52108
0.48,0.64,0.75456,0.5267000000000001
0.48,0.66,0.75886,0.5341600000000001
0.48,0.68,0.7636,0.53776
0.48,0.7000000000000001,0.7678,0.54168
0.48,0.72,0.7698800000000001,0.54584
0.48,0.74,0.77094,0.54856
0.48,0.76,0.77472,0.55166
0.48,0.78,0.7766000000000001,0.55474
0.48,0.8,0.77982,0.55744
0.48,0.8200000000000001,0.78046,0.55914
0.48,0.84,0.7836799999999999,0.5634600000000001
0.48,0.86,0.78592,0.5653199999999999
0.48,0.88,0.7899200000000001,0.56958
0.48,0.9,0.78924,0.5720799999999999
0.48,0.92,0.79224,0.57198
0.48,0.9400000000000001,0.79378,0.5749
0.48,0.96,0.7937599999999999,0.5749399999999999
0.48,0.98,0.7942199999999999,0.5778
0.48,1.0,0.79428,0.57744
0.5,0.0,0.0085,0.0003
0.5,0.02,0.008660000000000001,0.0003800000000000001
0.5,0.04,0.00892,0.0008800000000000001
0.5,0.06,0.009420000000000001,0.00072
0.5,0.08,0.01054,0.0013
0.5,0.1,0.011040000000000001,0.00218
0.5,0.12,0.013580000000000002,0.0034999999999999996
0.5,0.14,0.033,0.01686
0.5,0.16,0.13374000000000003,0.0803
0.5,0.18,0.24877999999999997,0.15428
0.5,0.2,0.32904000000000005,0.20604
0.5,0.22,0.3834199999999999,0.23958000000000002
0.5,0.24,0.44624,0.28072
0.5,0.26,0.4936,0.31422
0.5,0.28,0.52276,0.33409999999999995
0.5,0.3,0.551,0.35506
0.5,0.32,0.5820599999999999,0.37674
0.5,0.34,0.5983800000000001,0.3925
0.5,0.36,0.60984,0.40190000000000003
0.5,0.38,0.63798,0.42477999999999994
0.5,0.4,0.6536200000000001,0.43526
0.5,0.42,0.66736,0.44536000000000003
0.5,0.44,0.67548,0.45608
0.5,0.46,0.6947,0.47431999999999996
0.5,0.48,0.70072,0.47904
0.5,0.5,0.7121999999999999,0.48876000000000003
0.5,0.52,0.71712,0.49438000000000004
0.5,0.54,0.7210000000000001,0.49933999999999995
0.5,0.56,0.7331799999999999,0.51026
0.5,0.58,0.7379399999999999,0.5182800000000001
0.5,0.6,0.7417199999999999,0.5187200000000001
0.5,0.62,0.7485400000000001,0.52644
0.5,0.64,0.75622,0.5365000000000001
0.5,0.66,0.75626,0.5362199999999999
0.5,0.68,0.75906,0.5389
0.5,0.7000000000000001,0.76456,0.54444
0.5,0.72,0.7660399999999999,0.54484
0.5,0.74,0.7728400000000001,0.5544800000000001
0.5,0.76,0.7731000000000001,0.55634
0.5,0.78,0.77806,0.56062
0.5,0.8,0.77854,0.5613999999999999
0.5,0.8200000000000001,0.78232,0.56434
0.5,0.84,0.78468,0.56962
0.5,0.86,0.78644,0.5688799999999999
0.5,0.88,0.7854800000000001,0.56958
0.5,0.9,0.7920000000000001,0.5774199999999999
0.5,0.92,0.7918599999999998,0.57858
0.5,0.9400000000000001,0.79238,0.57744
0.5,0.96,0.7922,0.5793
0.5,0.98,0.7964199999999999,0.58246
0.5,1.0,0.7944000000000001,0.58186
0.52,0.0,0.00676,0.00024
0.52,0.02,0.006999999999999999,0.0003800000000000001
0.52,0.04,0.007020000000000001,0.00037999999999999997
0.52,0.06,0.00734,0.0007600000000000002
0.52,0.08,0.00854,0.00116
0.52,0.1,0.009000000000000001,0.00132
0.52,0.12,0.0101,0.0022600000000000003
0.52,0.14,0.04672,0.027059999999999994
0.52,0.16,0.1607,0.10154
0.52,0.18,0.28253999999999996,0.17977999999999997
0.52,0.2,0.3338999999999999,0.21508
0.52,0.22,0.38102,0.24488000000000004
0.52,0.24,0.44480000000000003,0.28732
0.52,0.26,0.4881400000000001,0.31500000000000006
0.52,0.28,0.52734,0.34478000000000003
0.52,0.3,0.5536200000000001,0.36274
0.52,0.32,0.58202,0.38336000000000003
0.52,0.34,0.60604,0.40226000000000006
0.52,0.36,0.6310600000000001,0.4235
0.52,0.38,0.63914,0.42847999999999997
0.52,0.4,0.655,0.4414
0.52,0.42,0.6680999999999999,0.45270000000000005
0.52,0.44,0.6792,0.46574
0.52,0.46,0.69128,0.47489999999999993
0.52,0.48,0.7011799999999999,0.4844800000000001
0.52,0.5,0.7099,0.48971999999999993
0.52,0.52,0.7192799999999999,0.5000800000000001
0.52,0.54,0.7248600000000001,0.50658
0.52,0.56,0.7320599999999999,0.51446
0.52,0.58,0.73926,0.52044
0.52,0.6,0.7426799999999999,0.5255000000000001
0.52,0.62,0.7486799999999999,0.5307600000000001
0.52,0.64,0.7511200000000002,0.5331600000000001
0.52,0.66,0.7564400000000002,0.5405000000000001
0.52,0.68,0.76146,0.5454200000000001
0.52,0.7000000000000001,0.76568,0.55074
0.52,0.72,0.76944,0.55446
0.52,0.74,0.7703200000000001,0.5564999999999999
0.52,0.76,0.7733400000000001,0.55958
0.52,0.78,0.7754199999999999,0.5607800000000001
0.52,0.8,0.7766200000000001,0.56334
0.52,0.8200000000000001,0.78124,0.5689399999999999
0.52,0.84,0.78342,0.5711200000000001
0.52,0.86,0.78562,0.5737199999999999
0.52,0.88,0.7862600000000001,0.57484
0.52,0.9,0.7881799999999999,0.5767599999999999
0.52,0.92,0.7901599999999999,0.5801999999999999
0.52,0.9400000000000001,0.7906,0.57934
0.52,0.96,0.7932600000000001,0.5844399999999998
0.52,0.98,0.7942199999999999,0.5833599999999999
0.52,1.0,0.7940999999999999,0.5846399999999999
0.54,0.0,0.006120000000000001,0.00036
0.54,0.02,0.006320000000000001,0.00058
0.54,0.04,0.006500000000000001,0.0005600000000000001
0.54,0.06,0.006320000000000001,0.0007000000000000001
0.54,0.08,0.0077,0.0014800000000000002
0.54,0.1,0.007980000000000001,0.0017
0.54,0.12,0.00998,0.003
0.54,0.14,0.042800000000000005,0.02532
0.54,0.16,0.17628,0.11553999999999999
0.54,0.18,0.25730000000000003,0.16932000000000003
0.54,0.2,0.35412,0.23144
0.54,0.22,0.40815999999999997,0.2665600000000001
0.54,0.24,0.4622,0.30364
0.54,0.26,0.48847999999999997,0.32322
0.54,0.28,0.53152,0.35231999999999997
0.54,0.3,0.5573599999999999,0.37174000000000007
0.54,0.32,0.58408,0.39209999999999995
0.54,0.34,0.6089999999999999,0.41078
0.54,0.36,0.63056,0.4293
0.54,0.38,0.6452199999999999,0.44182000000000005
0.54,0.4,0.6545000000000001,0.44916000000000006
0.54,0.42,0.6723399999999999,0.46423999999999993
0.54,0.44,0.6831999999999998,0.47078
0.54,0.46,0.6920000000000001,0.48225999999999997
0.54,0.48,0.70054,0.4895199999999999
0.54,0.5,0.71116,0.49829999999999997
0.54,0.52,0.7186999999999999,0.5056600000000001
0.54,0.54,0.72604,0.51428
0.54,0.56,0.7310200000000002,0.51684
0.54,0.58,0.73772,0.52546
0.54,0.6,0.7424000000000001,0.52886
0.54,0.62,0.7483799999999999,0.5379
0.54,0.64,0.7537,0.5401800000000001
0.54,0.66,0.7604800000000002,0.54672
0.54,0.68,0.7607,0.5488599999999999
0.54,0.7000000000000001,0.76224,0.5534600000000001
0.54,0.72,0.7669,0.55696
0.54,0.74,0.7694400000000001,0.56046
0.54,0.76,0.7759,0.5675399999999999
0.54,0.78,0.7754800000000001,0.5674800000000001
0.54,0.8,0.7781800000000001,0.57156
0.54,0.8200000000000001,0.7799600000000001,0.57208
0.54,0.84,0.7817000000000001,0.57446
0.54,0.86,0.7832999999999999,0.5761799999999999
0.54,0.88,0.7851200000000002,0.57726
0.54,0.9,0.78706,0.58062
0.54,0.92,0.78916,0.58278
0.54,0.9400000000000001,0.78738,0.58134
0.54,0.96,0.79412,0.5897399999999999
0.54,0.98,0.79202,0.5870399999999999
0.54,1.0,0.7929200000000001,0.58876
0.56,0.0,0.004640000000000001,0.00018
0.56,0.02,0.00532,0.0005600000000000001
0.56,0.04,0.005180000000000001,0.00048
0.56,0.06,0.006040000000000001,0.00124
0.56,0.08,0.0070999999999999995,0.0019
0.56,0.1,0.00774,0.0023799999999999997
0.56,0.12,0.009640000000000003,0.00412
0.56,0.14,0.06033999999999999,0.04039999999999999
0.56,0.16,0.16186,0.10912000000000001
0.56,0.18,0.25566,0.17157999999999998
0.56,0.2,0.3462799999999999,0.23143999999999998
0.56,0.22,0.40726,0.27264
0.56,0.24,0.44868,0.30128
0.56,0.26,0.49788,0.335
0.56,0.28,0.531,0.35956000000000005
0.56,0.3,0.56222,0.38018
0.56,0.32,0.5857199999999999,0.39618000000000003
0.56,0.34,0.6103000000000001,0.41682
0.56,0.36,0.6282399999999999,0.43093999999999993
0.56,0.38,0.6462399999999999,0.44376
0.56,0.4,0.6532399999999999,0.45309999999999995
0.56,0.42,0.6716399999999999,0.46674
0.56,0.44,0.68402,0.48001999999999995
0.56,0.46,0.6935599999999998,0.4883799999999999
0.56,0.48,0.7033400000000001,0.49606
0.56,0.5,0.71136,0.5029399999999999
0.56,0.52,0.7181399999999999,0.50832
0.56,0.54,0.7227399999999998,0.5151
0.56,0.56,0.73064,0.52254
0.56,0.58,0.7394399999999999,0.5313
0.56,0.6,0.74276,0.53526
0.56,0.62,0.7442200000000001,0.53666
0.56,0.64,0.75122,0.54264
0.56,0.66,0.7551800000000002,0.54954
0.56,0.68,0.7594200000000001,0.55306
0.56,0.7000000000000001,0.7646599999999999,0.5582199999999999
0.56,0.72,0.76532,0.55914
0.56,0.74,0.7701600000000001,0.56564
0.56,0.76,0.7733400000000001,0.5683
0.56,0.78,0.7739600000000002,0.56964
0.56,0.8,0.7777600000000001,0.5733999999999999
0.56,0.8200000000000001,0.77996,0.57532
0.56,0.84,0.7806799999999999,0.57856
0.56,0.86,0.7836799999999999,0.58182
0.56,0.88,0.78542,0.5829799999999999
0.56,0.9,0.7857400000000001,0.5829
0.56,0.92,0.7896000000000001,0.58782
0.56,0.9400000000000001,0.79038,0.5909199999999999
0.56,0.96,0.78968,0.5891799999999999
0.56,0.98,0.7929599999999999,0.59198
0.56,1.0,0.7933199999999999,0.5932999999999999
0.58,0.0,0.004200000000000001,0.00021999999999999998
0.58,0.02,0.0042,0.0005600000000000001
0.58,0.04,0.00446,0.0008
0.58,0.06,0.004540000000000001,0.0006200000000000001
0.58,0.08,0.00574,0.00166
0.58,0.1,0.008060000000000001,0.003460000000000001
0.58,0.12,0.0095,0.00456
0.58,0.14,0.057800000000000004,0.03938
0.58,0.16,0.18768,0.1303
0.58,0.18,0.24934,0.17198
0.58,0.2,0.3610400000000001,0.24746
0.58,0.22,0.41885999999999995,0.28486
0.58,0.24,0.4578400000000001,0.31092
0.58,0.26,0.5038,0.34517999999999993
0.58,0.28,0.53522,0.3670399999999999
0.58,0.3,0.56366,0.38824000000000003
0.58,0.32,0.5886199999999999,0.40786
0.58,0.34,0.6081799999999999,0.42116
0.58,0.36,0.63528,0.4430199999999999
0.58,0.38,0.6447400000000001,0.45394
0.58,0.4,0.6582399999999999,0.46154000000000006
0.58,0.42,0.6712600000000001,0.4734
0.58,0.44,0.6826799999999998,0.4831
0.58,0.46,0.6954200000000001,0.4954
0.58,0.48,0.70226,0.50096
0.58,0.5,0.7119400000000001,0.51154
0.58,0.52,0.71754,0.5160399999999999
0.58,0.54,0.72372,0.52176
0.58,0.56,0.73272,0.5298800000000001
0.58,0.58,0.7386999999999999,0.53526
0.58,0.6,0.7447399999999998,0.54346
0.58,0.62,0.7457199999999999,0.5431000000000001
0.58,0.64,0.7514200000000001,0.5496
0.58,0.66,0.7543000000000001,0.5518
0.58,0.68,0.7591600000000001,0.55886
0.58,0.7000000000000001,0.7619,0.5605800000000001
0.58,0.72,0.7673399999999999,0.56698
0.58,0.74,0.7699799999999999,0.5693999999999999
0.58,0.76,0.77108,0.57126
0.58,0.78,0.7743599999999999,0.5743
0.58,0.8,0.7767000000000001,0.5771799999999999
0.58,0.8200000000000001,0.7808200000000001,0.5821999999999999
0.58,0.84,0.77986,0.5818800000000001
0.58,0.86,0.7820199999999999,0.58368
0.58,0.88,0.78802,0.59022
0.58,0.9,0.7868,0.58854
0.58,0.92,0.7873600000000001,0.5906199999999999
0.58,0.9400000000000001,0.79024,0.5937600000000001
0.58,0.96,0.7906000000000002,0.5950399999999999
0.58,0.98,0.79258,0.59522
0.58,1.0,0.7917000000000002,0.5978799999999999
0.6,0.0,0.0032400000000000007,0.00036
0.6,0.02,0.00366,0.00042
0.6,0.04,0.004260000000000001,0.0008600000000000001
0.6,0.06,0.004320000000000001,0.0011799999999999998
0.6,0.08,0.0041800000000000006,0.00116
0.6,0.1,0.006260000000000001,0.0025000000000000005
0.6,0.12,0.009980000000000001,0.0055000000000000005
0.6,0.14,0.05636000000000001,0.040279999999999996
0.6,0.16,0.18568,0.13282000000000002
0.6,0.18,0.29176,0.2039
0.6,0.2,0.3662,0.2559
0.6,0.22,0.4163,0.2892
0.6,0.24,0.45064,0.31396
0.6,0.26,0.50526,0.35037999999999997
0.6,0.28,0.53532,0.3716000000000001
0.6,0.3,0.5700600000000001,0.39812
0.6,0.32,0.58598,0.41062000000000004
0.6,0.34,0.6111599999999999,0.42998
0.6,0.36,0.6318600000000001,0.44621999999999995
0.6,0.38,0.6422399999999999,0.45372000000000007
0.6,0.4,0.65764,0.4690800000000001
0.6,0.42,0.6685000000000001,0.47756
0.6,0.44,0.68424,0.4904
0.6,0.46,0.6978800000000001,0.49962
0.6,0.48,0.7037599999999999,0.5064200000000001
0.6,0.5,0.71098,0.51444
0.6,0.52,0.71598,0.52094
0.6,0.54,0.7250200000000001,0.5258799999999999
0.6,0.56,0.7326,0.5329200000000001
0.6,0.58,0.7397400000000001,0.5429800000000001
0.6,0.6,0.74204,0.54608
0.6,0.62,0.7462400000000001,0.55088
0.6,0.64,0.75196,0.55444
0.6,0.66,0.7576799999999999,0.5616
0.6,0.68,0.75888,0.56172
0.6,0.7000000000000001,0.76208,0.5674399999999999
0.6,0.72,0.7652399999999999,0.5682600000000001
0.6,0.74,0.7712600000000001,0.5760000000000001
0.6,0.76,0.77388,0.5802200000000001
0.6,0.78,0.7758399999999999,0.58106
0.6,0.8,0.77654,0.58156
0.6,0.8200000000000001,0.7809999999999999,0.58626
0.6,0.84,0.77936,0.5861599999999999
0.6,0.86,0.7848,0.59036
0.6,0.88,0.7868599999999999,0.59396
0.6,0.9,0.7859799999999999,0.5939
0.6,0.92,0.7880400000000002,0.59782
0.6,0.9400000000000001,0.7868,0.59432
0.6,0.96,0.79058,0.59886
0.6,0.98,0.7927200000000002,0.60192
0.6,1.0,0.79252,0.60216
0.62,0.0,0.0030200000000000005,0.00032
0.62,0.02,0.00288,0.00048
0.62,0.04,0.0032600000000000007,0.00082
0.62,0.06,0.0041400000000000005,0.00144
0.62,0.08,0.0037,0.0013800000000000002
0.62,0.1,0.00636,0.00308
0.62,0.12,0.01048,0.006280000000000001
0.62,0.14,0.06398,0.04716
0.62,0.16,0.16573999999999997,0.12016
0.62,0.18,0.2846,0.2046
0.62,0.2,0.37358,0.26526
0.62,0.22,0.39602000000000004,0.2804
0.62,0.24,0.46494,0.32714
0.62,0.26,0.5099800000000001,0.35910000000000003
0.62,0.28,0.54262,0.3826
0.62,0.3,0.56566,0.4003
0.62,0.32,0.5889199999999999,0.41822
0.62,0.34,0.6153,0.43806000000000006
0.62,0.36,0.6309400000000001,0.45254
0.62,0.38,0.6454400000000001,0.463
0.62,0.4,0.66094,0.47615999999999997
0.62,0.42,0.67282,0.48548
0.62,0.44,0.6829,0.49546
0.62,0.46,0.6965000000000002,0.50466
0.62,0.48,0.7012999999999998,0.5088199999999999
0.62,0.5,0.7141199999999999,0.52112
0.62,0.52,0.7210799999999999,0.5289600000000001
0.62,0.54,0.7265999999999999,0.53394
0.62,0.56,0.7330200000000001,0.54022
0.62,0.58,0.7377799999999999,0.5469400000000001
0.62,0.6,0.74208,0.54956
0.62,0.62,0.7461199999999999,0.5547000000000001
0.62,0.64,0.7523800000000002,0.5605600000000001
0.62,0.66,0.75326,0.5613199999999999
0.62,0.68,0.7623600000000001,0.57088
0.62,0.7000000000000001,0.76558,0.57182
0.62,0.72,0.76644,0.57502
0.62,0.74,0.7701,0.5787199999999999
0.62,0.76,0.7684799999999999,0.57788
0.62,0.78,0.7730800000000001,0.5831799999999998
0.62,0.8,0.77444,0.585
0.62,0.8200000000000001,0.7801600000000001,0.59102
0.62,0.84,0.77994,0.59092
0.62,0.86,0.7827200000000001,0.59566
0.62,0.88,0.78376,0.5954600000000001
0.62,0.9,0.78512,0.5969599999999999
0.62,0.92,0.7866999999999998,0.59858
0.62,0.9400000000000001,0.78952,0.6013
0.62,0.96,0.7884399999999999,0.6017999999999999
0.62,0.98,0.7904599999999999,0.6039599999999999
0.62,1.0,0.7931,0.60584
0.64,0.0,0.0026,0.0004000000000000001
0.64,0.02,0.00264,0.00035999999999999997
0.64,0.04,0.0029600000000000004,0.0009
0.64,0.06,0.0041400000000000005,0.00182
0.64,0.08,0.00462,0.00198
0.64,0.1,0.0060799999999999995,0.0034200000000000003
0.64,0.12,0.011080000000000001,0.00726
0.64,0.14,0.06777999999999999,0.05112
0.64,0.16,0.19521999999999998,0.14504
0.64,0.18,0.28562,0.20833999999999997
0.64,0.2,0.37382,0.27104
0.64,0.22,0.428,0.30778
0.64,0.24,0.4747200000000001,0.3414399999999999
0.64,0.26,0.51282,0.36854
0.64,0.28,0.54368,0.38888000000000006
0.64,0.3,0.57034,0.4097
0.64,0.32,0.59086,0.42572000000000004
0.64,0.34,0.61722,0.4465599999999999
0.64,0.36,0.63062,0.45568000000000003
0.64,0.38,0.6483,0.47084
0.64,0.4,0.6584400000000001,0.48031999999999997
0.64,0.42,0.6705600000000002,0.48888
0.64,0.44,0.6817799999999999,0.49868
0.64,0.46,0.69202,0.50966
0.64,0.48,0.70194,0.5176200000000001
0.64,0.5,0.71064,0.52522
0.64,0.52,0.72056,0.5348000000000002
0.64,0.54,0.7267200000000001,0.5406
0.64,0.56,0.7308600000000002,0.54362
0.64,0.58,0.73828,0.5520200000000001
0.64,0.6,0.7426200000000002,0.55316
0.64,0.62,0.74444,0.55856
0.64,0.64,0.7519000000000001,0.56426
0.64,0.66,0.7574000000000001,0.57104
0.64,0.68,0.7556599999999999,0.5683799999999999
0.64,0.7000000000000001,0.7624200000000001,0.57576
0.64,0.72,0.7668600000000002,0.58128
0.64,0.74,0.77054,0.58396
0.64,0.76,0.7697999999999999,0.58502
0.64,0.78,0.77292,0.58556
0.64,0.8,0.7732400000000001,0.5887600000000001
0.64,0.8200000000000001,0.7756000000000001,0.59014
0.64,0.84,0.77964,0.59482
0.64,0.86,0.7813800000000001,0.5982
0.64,0.88,0.7837000000000001,0.59836
0.64,0.9,0.7862600000000001,0.60248
0.64,0.92,0.78582,0.60238
0.64,0.9400000000000001,0.7874,0.6008399999999999
0.64,0.96,0.79082,0.60862
0.64,0.98,0.7893200000000001,0.6078600000000001
0.64,1.0,0.7910200000000001,0.60954
0.66,0.0,0.0022400000000000002,0.0006000000000000001
0.66,0.02,0.00202,0.00044000000000000007
0.66,0.04,0.00234,0.0007400000000000001
0.66,0.06,0.0030800000000000007,0.0012000000000000001
0.66,0.08,0.004200000000000001,0.0024200000000000003
0.66,0.1,0.00536,0.00314
0.66,0.12,0.01044,0.0071600000000000006
0.66,0.14,0.05979999999999999,0.046119999999999994
0.66,0.16,0.21282000000000004,0.16083999999999998
0.66,0.18,0.28956,0.21458
0.66,0.2,0.3464,0.2541
0.66,0.22,0.42596000000000006,0.3131
0.66,0.24,0.47506,0.34534
0.66,0.26,0.51542,0.3741999999999999
0.66,0.28,0.5495000000000002,0.40088
0.66,0.3,0.5701999999999999,0.41556
0.66,0.32,0.59646,0.43576
0.66,0.34,0.6160000000000001,0.45092
0.66,0.36,0.61854,0.45327999999999996
0.66,0.38,0.65128,0.47896
0.66,0.4,0.66498,0.48751999999999995
0.66,0.42,0.67594,0.4988
0.66,0.44,0.6883800000000001,0.5100399999999999
0.66,0.46,0.6953400000000001,0.51618
0.66,0.48,0.7061600000000001,0.52658
0.66,0.5,0.71372,0.53268
0.66,0.52,0.7192600000000001,0.53722
0.66,0.54,0.72634,0.5463000000000001
0.66,0.56,0.7338,0.55096
0.66,0.58,0.7353400000000001,0.5539400000000001
0.66,0.6,0.7417999999999999,0.56072
0.66,0.62,0.74676,0.56272
0.66,0.64,0.75066,0.56818
0.66,0.66,0.75674,0.5751999999999999
0.66,0.68,0.7576400000000001,0.5761600000000001
0.66,0.7000000000000001,0.76196,0.58234
0.66,0.72,0.7665800000000002,0.5817
0.66,0.74,0.76898,0.5874799999999999
0.66,0.76,0.7722200000000001,0.5912799999999999
0.66,0.78,0.77126,0.58966
0.66,0.8,0.7758400000000001,0.59584
0.66,0.8200000000000001,0.7766,0.5977
0.66,0.84,0.77756,0.59806
0.66,0.86,0.78164,0.60118
0.66,0.88,0.78452,0.6036
0.66,0.9,0.7842,0.60544
0.66,0.92,0.78474,0.60516
0.66,0.9400000000000001,0.7861999999999999,0.6055999999999999
0.66,0.96,0.7892600000000002,0.61156
0.66,0.98,0.7889800000000001,0.61068
0.66,1.0,0.78886,0.6101199999999999
0.68,0.0,0.00144,0.00036
0.68,0.02,0.0021000000000000003,0.0009200000000000001
0.68,0.04,0.0029200000000000003,0.00136
0.68,0.06,0.0028200000000000005,0.00158
0.68,0.08,0.0036,0.00202
0.68,0.1,0.007420000000000001,0.00502
0.68,0.12,0.009840000000000002,0.007180000000000001
0.68,0.14,0.06766,0.05231999999999999
0.68,0.16,0.20854,0.16006
0.68,0.18,0.28788,0.2165
0.68,0.2,0.35901999999999995,0.26824
0.68,0.22,0.41006,0.30404000000000003
0.68,0.24,0.47908,0.35462000000000005
0.68,0.26,0.50514,0.37322000000000005
0.68,0.28,0.54778,0.40440000000000004
0.68,0.3,0.5787800000000001,0.42782
0.68,0.32,0.59808,0.44218
0.68,0.34,0.61574,0.45597999999999994
0.68,0.36,0.63052,0.4677
0.68,0.38,0.65086,0.4842
0.68,0.4,0.6641600000000001,0.49408
0.68,0.42,0.6750399999999999,0.5037400000000001
0.68,0.44,0.68342,0.51176
0.68,0.46,0.6995600000000001,0.5241800000000001
0.68,0.48,0.70452,0.52962
0.68,0.5,0.7141399999999999,0.53766
0.68,0.52,0.7222399999999999,0.54328
0.68,0.54,0.72524,0.54976
0.68,0.56,0.7304399999999999,0.5539400000000001
0.68,0.58,0.7366999999999999,0.5575
0.68,0.6,0.7425000000000002,0.5651600000000001
0.68,0.62,0.7463,0.5687599999999999
0.68,0.64,0.75196,0.57392
0.68,0.66,0.7537400000000002,0.5765399999999999
0.68,0.68,0.7599400000000002,0.58182
0.68,0.7000000000000001,0.7606800000000001,0.58426
0.68,0.72,0.7642,0.5897399999999999
0.68,0.74,0.76754,0.5915399999999998
0.68,0.76,0.77006,0.5923799999999999
0.68,0.78,0.7707600000000001,0.59734
0.68,0.8,0.7748400000000001,0.5979599999999999
0.68,0.8200000000000001,0.7803800000000001,0.60368
0.68,0.84,0.7767600000000001,0.60028
0.68,0.86,0.7795400000000001,0.6032
0.68,0.88,0.78248,0.60764
0.68,0.9,0.7832799999999999,0.6092
0.68,0.92,0.78424,0.60954
0.68,0.9400000000000001,0.7859000000000002,0.61126
0.68,0.96,0.7902199999999999,0.61616
0.68,0.98,0.78966,0.61632
0.68,1.0,0.7889600000000001,0.6171800000000001
0.7000000000000001,0.0,0.00222,0.0008400000000000001
0.7000000000000001,0.02,0.00166,0.0007600000000000002
0.7000000000000001,0.04,0.00192,0.00094
0.7000000000000001,0.06,0.0033,0.0019
0.7000000000000001,0.08,0.0035000000000000005,0.00228
0.7000000000000001,0.1,0.0048000000000000004,0.0034000000000000002
0.7000000000000001,0.12,0.01282,0.00998
0.7000000000000001,0.14,0.07207999999999999,0.057400000000000014
0.7000000000000001,0.16,0.19363999999999998,0.1509
0.7000000000000001,0.18,0.28598,0.21958
0.7000000000000001,0.2,0.39348,0.29774
0.7000000000000001,0.22,0.43310000000000004,0.3265600000000001
0.7000000000000001,0.24,0.47839999999999994,0.35678
0.7000000000000001,0.26,0.52,0.38886000000000004
0.7000000000000001,0.28,0.55116,0.41206
0.7000000000000001,0.3,0.5667199999999999,0.42330000000000007
0.7000000000000001,0.32,0.59648,0.44518
0.7000000000000001,0.34,0.62,0.46634
0.7000000000000001,0.36,0.63912,0.47868
0.7000000000000001,0.38,0.65036,0.48983999999999994
0.7000000000000001,0.4,0.6627000000000001,0.4990399999999999
0.7000000000000001,0.42,0.6742999999999999,0.50814
0.7000000000000001,0.44,0.6868000000000001,0.5199400000000001
0.7000000000000001,0.46,0.6966,0.5268200000000001
0.7000000000000001,0.48,0.70414,0.53502
0.7000000000000001,0.5,0.7125,0.5405800000000001
0.7000000000000001,0.52,0.7197199999999999,0.5476
0.7000000000000001,0.54,0.72716,0.55416
0.7000000000000001,0.56,0.732,0.5586200000000001
0.7000000000000001,0.58,0.7364399999999999,0.5653200000000002
0.7000000000000001,0.6,0.7435,0.56916
0.7000000000000001,0.62,0.7468600000000001,0.5738599999999999
0.7000000000000001,0.64,0.7488199999999999,0.57658
0.7000000000000001,0.66,0.7535400000000001,0.58074
0.7000000000000001,0.68,0.75744,0.5845799999999999
0.7000000000000001,0.7000000000000001,0.76152,0.5886399999999999
0.7000000000000001,0.72,0.7642200000000001,0.5931
0.7000000000000001,0.74,0.76878,0.5973999999999999
0.7000000000000001,0.76,0.7701,0.5990800000000001
0.7000000000000001,0.78,0.7718200000000001,0.60214
0.7000000000000001,0.8,0.77596,0.60392
0.7000000000000001,0.8200000000000001,0.7775800000000003,0.60686
0.7000000000000001,0.84,0.7788200000000001,0.60862
0.7000000000000001,0.86,0.77944,0.60686
0.7000000000000001,0.88,0.7807999999999999,0.61036
0.7000000000000001,0.9,0.78328,0.6134
0.7000000000000001,0.92,0.78322,0.61212
0.7000000000000001,0.9400000000000001,0.7856799999999999,0.6154799999999999
0.7000000000000001,0.96,0.7853399999999999,0.61592
0.7000000000000001,0.98,0.78888,0.6188199999999999
0.7000000000000001,1.0,0.7900399999999999,0.6201000000000001
0.72,0.0,0.0015200000000000003,0.00062
0.72,0.02,0.0021400000000000004,0.0012000000000000001
0.72,0.04,0.00256,0.0017200000000000002
0.72,0.06,0.0027600000000000003,0.0017800000000000001
0.72,0.08,0.003280000000000001,0.0024600000000000004
0.72,0.1,0.0051600000000000005,0.00382
0.72,0.12,0.01022,0.0079
0.72,0.14,0.09230000000000001,0.07446000000000001
0.72,0.16,0.21236000000000005,0.16832000000000005
0.72,0.18,0.27108,0.21102
0.72,0.2,0.36076,0.27758000000000005
0.72,0.22,0.4277600000000001,0.32618
0.72,0.24,0.47662000000000004,0.36338000000000004
0.72,0.26,0.5136400000000001,0.39016
0.72,0.28,0.54784,0.4149999999999999
0.72,0.3,0.5651,0.42664
0.72,0.32,0.5971799999999999,0.4526599999999999
0.72,0.34,0.6161399999999999,0.46716
0.72,0.36,0.63418,0.48072000000000004
0.72,0.38,0.6506399999999999,0.49439999999999995
0.72,0.4,0.6634200000000001,0.50622
0.72,0.42,0.67664,0.51634
0.72,0.44,0.6841200000000001,0.52066
0.72,0.46,0.6958,0.5319600000000001
0.72,0.48,0.7010200000000002,0.53676
0.72,0.5,0.7129599999999999,0.54742
0.72,0.52,0.7208199999999999,0.5566399999999999
0.72,0.54,0.7293600000000001,0.5629
0.72,0.56,0.73012,0.5617599999999999
0.72,0.58,0.73792,0.56948
0.72,0.6,0.7428199999999999,0.57536
0.72,0.62,0.7454399999999999,0.5774
0.72,0.64,0.7507,0.5823799999999999
0.72,0.66,0.75256,0.5840799999999999
0.72,0.68,0.75836,0.591
0.72,0.7000000000000001,0.7614800000000002,0.59348
0.72,0.72,0.7622600000000002,0.59626
0.72,0.74,0.7688200000000001,0.60182
0.72,0.76,0.7686600000000001,0.60042
0.72,0.78,0.7712,0.6042400000000001
0.72,0.8,0.7734000000000002,0.6046199999999999
0.72,0.8200000000000001,0.7748400000000001,0.6074799999999999
0.72,0.84,0.7775400000000002,0.6126399999999999
0.72,0.86,0.7797000000000002,0.61474
0.72,0.88,0.7811599999999999,0.6138399999999999
0.72,0.9,0.7813600000000003,0.6177199999999999
0.72,0.92,0.7842200000000001,0.6202399999999999
0.72,0.9400000000000001,0.7857999999999998,0.62088
0.72,0.96,0.7859999999999999,0.62072
0.72,0.98,0.7884399999999999,0.6235199999999999
0.72,1.0,0.7880200000000002,0.62234
0.74,0.0,0.00188,0.0011
0.74,0.02,0.0016000000000000003,0.001
0.74,0.04,0.0021400000000000004,0.0014200000000000003
0.74,0.06,0.0030200000000000005,0.00228
0.74,0.08,0.0031800000000000005,0.0025600000000000006
0.74,0.1,0.005840000000000001,0.004540000000000001
0.74,0.12,0.011040000000000001,0.008860000000000002
0.74,0.14,0.10018,0.08212
0.74,0.16,0.19169999999999998,0.15348000000000003
0.74,0.18,0.28916,0.22748000000000002
0.74,0.2,0.38301999999999997,0.29923999999999995
0.74,0.22,0.43758,0.3398999999999999
0.74,0.24,0.48841999999999997,0.37449999999999994
0.74,0.26,0.52328,0.40176
0.74,0.28,0.55698,0.42772000000000004
0.74,0.3,0.5829000000000001,0.4464
0.74,0.32,0.60246,0.46096000000000004
0.74,0.34,0.62176,0.47781999999999997
0.74,0.36,0.64046,0.4920800000000001
0.74,0.38,0.6496,0.49885999999999997
0.74,0.4,0.66566,0.5134
0.74,0.42,0.6764399999999999,0.5183800000000001
0.74,0.44,0.68804,0.5292
0.74,0.46,0.69648,0.53874
0.74,0.48,0.7023999999999999,0.54284
0.74,0.5,0.7119,0.55
0.74,0.52,0.71758,0.5573600000000001
0.74,0.54,0.7243999999999998,0.5624800000000001
0.74,0.56,0.7308,0.5671799999999999
0.74,0.58,0.7379000000000001,0.57528
0.74,0.6,0.74194,0.57892
0.74,0.62,0.74776,0.58272
0.74,0.64,0.74908,0.58546
0.74,0.66,0.75842,0.5936999999999999
0.74,0.68,0.75822,0.59586
0.74,0.7000000000000001,0.76184,0.6004999999999999
0.74,0.72,0.76304,0.60064
0.74,0.74,0.7645800000000001,0.60284
0.74,0.76,0.76786,0.60482
0.74,0.78,0.7721800000000001,0.6108
0.74,0.8,0.772,0.60982
0.74,0.8200000000000001,0.7750400000000002,0.61212
0.74,0.84,0.7756800000000001,0.6135200000000001
0.74,0.86,0.77896,0.6171399999999999
0.74,0.88,0.7788,0.61668
0.74,0.9,0.7816600000000001,0.62082
0.74,0.92,0.78156,0.61932
0.74,0.9400000000000001,0.7845399999999999,0.6224200000000001
0.74,0.96,0.78608,0.6250199999999999
0.74,0.98,0.7875800000000001,0.62834
0.74,1.0,0.7854800000000001,0.6264400000000001
0.76,0.0,0.00098,0.00064
0.76,0.02,0.0016200000000000001,0.00094
0.76,0.04,0.0018,0.00132
0.76,0.06,0.0027,0.0021200000000000004
0.76,0.08,0.004260000000000001,0.0034799999999999996
0.76,0.1,0.00624,0.0054
0.76,0.12,0.01374,0.011540000000000002
0.76,0.14,0.09815999999999998,0.08182000000000002
0.76,0.16,0.19562000000000002,0.15888
0.76,0.18,0.30226000000000003,0.2412
0.76,0.2,0.38427999999999995,0.3035
0.76,0.22,0.43132,0.33706
0.76,0.24,0.4839,0.37624
0.76,0.26,0.5276,0.40896
0.76,0.28,0.53704,0.41672
0.76,0.3,0.5816,0.45028000000000007
0.76,0.32,0.60232,0.46708000000000005
0.76,0.34,0.6214999999999999,0.4834399999999999
0.76,0.36,0.6409,0.49776
0.76,0.38,0.64858,0.50404
0.76,0.4,0.66664,0.51768
0.76,0.42,0.67706,0.52678
0.76,0.44,0.6879199999999999,0.5361400000000001
0.76,0.46,0.6972,0.54336
0.76,0.48,0.7049799999999999,0.55012
0.76,0.5,0.7136800000000001,0.5580799999999999
0.76,0.52,0.7188599999999999,0.5637199999999999
0.76,0.54,0.7237799999999999,0.56706
0.76,0.56,0.73198,0.57556
0.76,0.58,0.73884,0.5803200000000001
0.76,0.6,0.7384200000000001,0.58066
0.76,0.62,0.7473200000000001,0.5875199999999999
0.76,0.64,0.7514,0.5921799999999999
0.76,0.66,0.75138,0.5932599999999999
0.76,0.68,0.7577800000000002,0.60042
0.76,0.7000000000000001,0.75952,0.60006
0.76,0.72,0.76216,0.60386
0.76,0.74,0.76618,0.60894
0.76,0.76,0.76888,0.6101399999999999
0.76,0.78,0.7695400000000001,0.6128199999999999
0.76,0.8,0.77288,0.6138600000000001
0.76,0.8200000000000001,0.7752600000000001,0.61812
0.76,0.84,0.7731599999999998,0.61532
0.76,0.86,0.7781,0.62058
0.76,0.88,0.77842,0.6209600000000001
0.76,0.9,0.78,0.62374
0.76,0.92,0.78114,0.6238999999999999
0.76,0.9400000000000001,0.7826,0.6277400000000001
0.76,0.96,0.7838200000000001,0.62922
0.76,0.98,0.7852999999999999,0.6286600000000001
0.76,1.0,0.78672,0.6313400000000001
0.78,0.0,0.00134,0.0007600000000000002
0.78,0.02,0.00166,0.00118
0.78,0.04,0.0020800000000000003,0.0016
0.78,0.06,0.00302,0.0024400000000000003
0.78,0.08,0.00438,0.0038
0.78,0.1,0.006999999999999999,0.00574
0.78,0.12,0.011980000000000001,0.01012
0.78,0.14,0.08272,0.06938000000000001
0.78,0.16,0.16736,0.13712
0.78,0.18,0.25478,0.20619999999999997
0.78,0.2,0.36646,0.29154
0.78,0.22,0.42382,0.33681999999999995
0.78,0.24,0.49235999999999996,0.38862
0.78,0.26,0.5230400000000001,0.41128
0.78,0.28,0.54956,0.4330800000000001
0.78,0.3,0.5831599999999999,0.45611999999999997
0.78,0.32,0.5984999999999999,0.46744
0.78,0.34,0.62246,0.48542
0.78,0.36,0.6399,0.5008
0.78,0.38,0.6553000000000001,0.51378
0.78,0.4,0.66856,0.52362
0.78,0.42,0.6790599999999999,0.5331400000000001
0.78,0.44,0.6855800000000001,0.53886
0.78,0.46,0.6975,0.5471400000000001
0.78,0.48,0.70406,0.55448
0.78,0.5,0.71256,0.56024
0.78,0.52,0.71918,0.5663800000000001
0.78,0.54,0.7256199999999998,0.5730999999999999
0.78,0.56,0.7301599999999999,0.5771000000000001
0.78,0.58,0.7372200000000001,0.5838599999999999
0.78,0.6,0.7411399999999999,0.58648
0.78,0.62,0.7470399999999999,0.5926
0.78,0.64,0.7494200000000001,0.59468
0.78,0.66,0.7519199999999999,0.59958
0.78,0.68,0.7544799999999999,0.60048
0.78,0.7000000000000001,0.75968,0.60644
0.78,0.72,0.7625200000000001,0.60866
0.78,0.74,0.76744,0.6111
0.78,0.76,0.76814,0.61382
0.78,0.78,0.7700800000000001,0.61652
0.78,0.8,0.7709999999999999,0.6174000000000001
0.78,0.8200000000000001,0.77322,0.62014
0.78,0.84,0.7757200000000001,0.621
0.78,0.86,0.77618,0.62384
0.78,0.88,0.7811800000000001,0.62946
0.78,0.9,0.77956,0.62802
0.78,0.92,0.78054,0.62804
0.78,0.9400000000000001,0.7829600000000001,0.6316200000000001
0.78,0.96,0.78352,0.62922
0.78,0.98,0.78482,0.6343200000000001
0.78,1.0,0.7846,0.63256
0.8,0.0,0.00102,0.0007000000000000001
0.8,0.02,0.0023,0.002
0.8,0.04,0.0024800000000000004,0.002
0.8,0.06,0.00272,0.0022
0.8,0.08,0.00374,0.0030000000000000005
0.8,0.1,0.005860000000000001,0.00496
0.8,0.12,0.012960000000000001,0.01098
0.8,0.14,0.06758000000000002,0.05736000000000001
0.8,0.16,0.18262,0.15172
0.8,0.18,0.30992,0.25288
0.8,0.2,0.37695999999999996,0.30262
0.8,0.22,0.43648000000000003,0.34851999999999994
0.8,0.24,0.4846200000000001,0.38488
0.8,0.26,0.52708,0.41934
0.8,0.28,0.55496,0.4385
0.8,0.3,0.5814199999999999,0.45946
0.8,0.32,0.5903200000000001,0.46686
0.8,0.34,0.62386,0.49286
0.8,0.36,0.62432,0.49363999999999997
0.8,0.38,0.65342,0.51414
0.8,0.4,0.66616,0.52782
0.8,0.42,0.6766200000000001,0.5357
0.8,0.44,0.68878,0.5454
0.8,0.46,0.69718,0.5534600000000001
0.8,0.48,0.70714,0.5617
0.8,0.5,0.71468,0.5677
0.8,0.52,0.7211799999999998,0.57308
0.8,0.54,0.7287999999999998,0.5801599999999999
0.8,0.56,0.73134,0.58458
0.8,0.58,0.7371399999999998,0.5871999999999999
0.8,0.6,0.74076,0.5945999999999999
0.8,0.62,0.74832,0.60036
0.8,0.64,0.7489600000000002,0.60046
0.8,0.66,0.75542,0.6068
0.8,0.68,0.75544,0.6063000000000001
0.8,0.7000000000000001,0.7583400000000001,0.61232
0.8,0.72,0.7638999999999999,0.6140599999999999
0.8,0.74,0.7633800000000001,0.61492
0.8,0.76,0.7669600000000001,0.61982
0.8,0.78,0.7694,0.62106
0.8,0.8,0.7714799999999999,0.62202
0.8,0.8200000000000001,0.7720199999999999,0.6239600000000001
0.8,0.84,0.7751,0.6266
0.8,0.86,0.7755200000000002,0.62618
0.8,0.88,0.77986,0.6312400000000001
0.8,0.9,0.7792000000000001,0.62978
0.8,0.92,0.7824599999999998,0.63424
0.8,0.9400000000000001,0.7801200000000001,0.6322800000000001
0.8,0.96,0.7827999999999998,0.6359999999999999
0.8,0.98,0.7839,0.63692
0.8,1.0,0.7828,0.63596
0.8200000000000001,0.0,0.0014000000000000002,0.0010400000000000001
0.8200000000000001,0.02,0.0019399999999999999,0.00168
0.8200000000000001,0.04,0.00242,0.0021400000000000004
0.8200000000000001,0.06,0.0031800000000000005,0.00272
0.8200000000000001,0.08,0.00344,0.0029000000000000002
0.8200000000000001,0.1,0.0052,0.00434
0.8200000000000001,0.12,0.011280000000000002,0.0099
0.8200000000000001,0.14,0.07514,0.06422
0.8200000000000001,0.16,0.19922,0.16712
0.8200000000000001,0.18,0.26998,0.22162000000000004
0.8200000000000001,0.2,0.37616000000000005,0.30538
0.8200000000000001,0.22,0.44506000000000007,0.35897999999999997
0.8200000000000001,0.24,0.4968,0.40049999999999997
0.8200000000000001,0.26,0.51708,0.41478000000000004
0.8200000000000001,0.28,0.5569,0.4442400000000001
0.8200000000000001,0.3,0.57402,0.45799999999999996
0.8200000000000001,0.32,0.60822,0.4848800000000001
0.8200000000000001,0.34,0.6250600000000001,0.49868000000000007
0.8200000000000001,0.36,0.6390399999999999,0.50972
0.8200000000000001,0.38,0.65632,0.52278
0.8200000000000001,0.4,0.66668,0.5322000000000001
0.8200000000000001,0.42,0.6743000000000001,0.5379
0.8200000000000001,0.44,0.6904399999999999,0.5517200000000001
0.8200000000000001,0.46,0.6983799999999999,0.55846
0.8200000000000001,0.48,0.70478,0.56306
0.8200000000000001,0.5,0.7132799999999999,0.5716
0.8200000000000001,0.52,0.7205199999999999,0.5766399999999998
0.8200000000000001,0.54,0.7280600000000002,0.58374
0.8200000000000001,0.56,0.7317999999999999,0.58664
0.8200000000000001,0.58,0.7375799999999999,0.59148
0.8200000000000001,0.6,0.7395,0.5954
0.8200000000000001,0.62,0.7469,0.60104
0.8200000000000001,0.64,0.74866,0.6035999999999999
0.8200000000000001,0.66,0.75142,0.60766
0.8200000000000001,0.68,0.7567400000000001,0.6122799999999999
0.8200000000000001,0.7000000000000001,0.75854,0.6135200000000001
0.8200000000000001,0.72,0.7624799999999999,0.616
0.8200000000000001,0.74,0.7655000000000001,0.61932
0.8200000000000001,0.76,0.7656200000000001,0.6200399999999999
0.8200000000000001,0.78,0.7671799999999999,0.6225200000000001
0.8200000000000001,0.8,0.77062,0.62608
0.8200000000000001,0.8200000000000001,0.77492,0.6299000000000001
0.8200000000000001,0.84,0.7737800000000001,0.6317
0.8200000000000001,0.86,0.7734200000000001,0.63062
0.8200000000000001,0.88,0.7785000000000001,0.633
0.8200000000000001,0.9,0.7801600000000001,0.6362200000000001
0.8200000000000001,0.92,0.78098,0.6360600000000001
0.8200000000000001,0.9400000000000001,0.7828200000000001,0.63858
0.8200000000000001,0.96,0.7820799999999999,0.63874
0.8200000000000001,0.98,0.7844200000000001,0.6402199999999999
0.8200000000000001,1.0,0.7844599999999998,0.64208
0.84,0.0,0.00102,0.00068
0.84,0.02,0.0015000000000000002,0.0012600000000000003
0.84,0.04,0.0023400000000000005,0.00192
0.84,0.06,0.0035600000000000002,0.0030800000000000007
0.84,0.08,0.004300000000000001,0.00362
0.84,0.1,0.006360000000000001,0.005620000000000001
0.84,0.12,0.0103,0.009080000000000001
0.84,0.14,0.07706,0.06628
0.84,0.16,0.19963999999999998,0.16804
0.84,0.18,0.27708,0.23124000000000003
0.84,0.2,0.39699999999999996,0.32676
0.84,0.22,0.43692,0.3564
0.84,0.24,0.49184,0.3993
0.84,0.26,0.5345400000000001,0.43259999999999993
0.84,0.28,0.5508400000000001,0.44522
0.84,0.3,0.58292,0.46935999999999994
0.84,0.32,0.6032599999999999,0.48639999999999994
0.84,0.34,0.62444,0.50284
0.84,0.36,0.64054,0.51644
0.84,0.38,0.6534399999999999,0.5258400000000001
0.84,0.4,0.6687200000000001,0.5371600000000001
0.84,0.42,0.68146,0.54702
0.84,0.44,0.6886600000000002,0.55474
0.84,0.46,0.7003800000000001,0.56454
0.84,0.48,0.7085199999999999,0.57112
0.84,0.5,0.7125199999999998,0.57512
0.84,0.52,0.71878,0.5806399999999999
0.84,0.54,0.7270599999999999,0.58688
0.84,0.56,0.7335399999999999,0.59352
0.84,0.58,0.7371000000000001,0.59612
0.84,0.6,0.74358,0.6044800000000001
0.84,0.62,0.7450000000000001,0.60216
0.84,0.64,0.7475799999999999,0.60502
0.84,0.66,0.75188,0.61068
0.84,0.68,0.7547,0.61386
0.84,0.7000000000000001,0.7578800000000001,0.6157199999999999
0.84,0.72,0.7606200000000001,0.62054
0.84,0.74,0.76376,0.6226600000000001
0.84,0.76,0.76498,0.6242
0.84,0.78,0.76796,0.62802
0.84,0.8,0.7712,0.6307
0.84,0.8200000000000001,0.7724599999999999,0.63104
0.84,0.84,0.7732999999999999,0.63296
0.84,0.86,0.7767400000000001,0.6360800000000001
0.84,0.88,0.7759199999999999,0.63606
0.84,0.9,0.78018,0.63616
0.84,0.92,0.7782399999999999,0.6397400000000001
0.84,0.9400000000000001,0.78046,0.6406400000000001
0.84,0.96,0.7816000000000001,0.6424
0.84,0.98,0.78622,0.64658
0.84,1.0,0.78416,0.6442399999999999
0.86,0.0,0.0009400000000000002,0.00072
0.86,0.02,0.00166,0.0014000000000000002
0.86,0.04,0.00246,0.00222
0.86,0.06,0.00376,0.0033599999999999997
0.86,0.08,0.004,0.00366
0.86,0.1,0.00634,0.005560000000000001
0.86,0.12,0.013460000000000001,0.011880000000000002
0.86,0.14,0.0809,0.06954
0.86,0.16,0.17554000000000003,0.14962
0.86,0.18,0.30848,0.2597
0.86,0.2,0.36654,0.3043
0.86,0.22,0.43144000000000005,0.35358000000000006
0.86,0.24,0.4849,0.39878
0.86,0.26,0.52076,0.42341999999999996
0.86,0.28,0.55166,0.44778000000000007
0.86,0.3,0.58402,0.47453999999999996
0.86,0.32,0.61034,0.49462000000000006
0.86,0.34,0.6249199999999999,0.5053
0.86,0.36,0.6426000000000001,0.52094
0.86,0.38,0.65554,0.5313800000000001
0.86,0.4,0.6687799999999998,0.5424
0.86,0.42,0.6800399999999999,0.5531200000000001
0.86,0.44,0.69174,0.5609
0.86,0.46,0.69884,0.56794
0.86,0.48,0.7065,0.57296
0.86,0.5,0.71262,0.57836
0.86,0.52,0.7193999999999999,0.5858599999999999
0.86,0.54,0.7279199999999999,0.59296
0.86,0.56,0.72872,0.59358
0.86,0.58,0.7397,0.6032
0.86,0.6,0.74066,0.6038399999999999
0.86,0.62,0.743,0.60686
0.86,0.64,0.7496799999999999,0.61466
0.86,0.66,0.753,0.6151000000000001
0.86,0.68,0.75796,0.61972
0.86,0.7000000000000001,0.75652,0.61976
0.86,0.72,0.7635000000000001,0.6278400000000001
0.86,0.74,0.76384,0.6281399999999999
0.86,0.76,0.7646200000000001,0.62844
0.86,0.78,0.76854,0.6325999999999999
0.86,0.8,0.7702800000000002,0.6349800000000001
0.86,0.8200000000000001,0.76948,0.6347600000000001
0.86,0.84,0.77412,0.63868
0.86,0.86,0.7766800000000003,0.6406000000000001
0.86,0.88,0.7747999999999999,0.63758
0.86,0.9,0.7759200000000002,0.6410800000000001
0.86,0.92,0.7781200000000001,0.64208
0.86,0.9400000000000001,0.77868,0.64358
0.86,0.96,0.7795000000000001,0.64492
0.86,0.98,0.78066,0.64372
0.86,1.0,0.78232,0.6457
0.88,0.0,0.0008400000000000001,0.0007000000000000001
0.88,0.02,0.00164,0.0015000000000000002
0.88,0.04,0.00118,0.001
0.88,0.06,0.00286,0.00268
0.88,0.08,0.00402,0.00368
0.88,0.1,0.0061800000000000015,0.0058000000000000005
0.88,0.12,0.01252,0.01102
0.88,0.14,0.08274000000000001,0.07203999999999999
0.88,0.16,0.18591999999999997,0.15916
0.88,0.18,0.28446,0.2403
0.88,0.2,0.37222,0.3103
0.88,0.22,0.44942,0.37262
0.88,0.24,0.48618,0.40263999999999994
0.88,0.26,0.51434,0.42304
0.88,0.28,0.5640000000000001,0.46270000000000006
0.88,0.3,0.5869,0.47859999999999997
0.88,0.32,0.5952,0.48641999999999996
0.88,0.34,0.62554,0.51156
0.88,0.36,0.6390199999999999,0.5211199999999999
0.88,0.38,0.65952,0.53888
0.88,0.4,0.66938,0.5468
0.88,0.42,0.6788200000000001,0.5561200000000001
0.88,0.44,0.68842,0.56438
0.88,0.46,0.6939799999999999,0.56768
0.88,0.48,0.7075999999999999,0.57892
0.88,0.5,0.71242,0.58392
0.88,0.52,0.7216400000000001,0.5914
0.88,0.54,0.7244799999999999,0.5931
0.88,0.56,0.7356400000000001,0.60406
0.88,0.58,0.73722,0.60656
0.88,0.6,0.7400999999999999,0.60976
0.88,0.62,0.7467999999999999,0.61472
0.88,0.64,0.7477799999999999,0.618
0.88,0.66,0.7538600000000001,0.6219199999999999
0.88,0.68,0.7547799999999999,0.62086
0.88,0.7000000000000001,0.7556,0.6234199999999999
0.88,0.72,0.76146,0.6287999999999999
0.88,0.74,0.7643,0.62964
0.88,0.76,0.7654000000000001,0.63236
0.88,0.78,0.77012,0.6361000000000001
0.88,0.8,0.7711400000000002,0.63706
0.88,0.8200000000000001,0.7686600000000001,0.6363400000000001
0.88,0.84,0.77256,0.64048
0.88,0.86,0.7742200000000001,0.6409600000000001
0.88,0.88,0.7754800000000002,0.6422600000000002
0.88,0.9,0.77878,0.64792
0.88,0.92,0.7762600000000001,0.6448400000000001
0.88,0.9400000000000001,0.7798400000000001,0.64736
0.88,0.96,0.7815400000000001,0.65024
0.88,0.98,0.7811400000000001,0.6512600000000001
0.88,1.0,0.7806799999999999,0.65012
0.9,0.0,0.00126,0.0011400000000000002
0.9,0.02,0.0017600000000000003,0.0015800000000000002
0.9,0.04,0.0018599999999999999,0.0016600000000000005
0.9,0.06,0.00288,0.0025
0.9,0.08,0.00442,0.00398
0.9,0.1,0.006840000000000001,0.00616
0.9,0.12,0.01248,0.011320000000000002
0.9,0.14,0.08862,0.0772
0.9,0.16,0.23772,0.20429999999999995
0.9,0.18,0.3152,0.26674
0.9,0.2,0.4012799999999999,0.33777999999999997
0.9,0.22,0.45280000000000004,0.3779
0.9,0.24,0.4953,0.41312
0.9,0.26,0.53434,0.44374
0.9,0.28,0.56274,0.4662199999999999
0.9,0.3,0.55248,0.45675999999999994
0.9,0.32,0.6091799999999999,0.5017199999999999
0.9,0.34,0.6280399999999999,0.5158400000000001
0.9,0.36,0.64322,0.53118
0.9,0.38,0.6570800000000001,0.5408000000000001
0.9,0.4,0.6709400000000002,0.55168
0.9,0.42,0.68042,0.5612800000000001
0.9,0.44,0.6884,0.5668599999999999
0.9,0.46,0.6994400000000001,0.57676
0.9,0.48,0.7071200000000001,0.58466
0.9,0.5,0.7128599999999998,0.58808
0.9,0.52,0.7192799999999999,0.5933600000000001
0.9,0.54,0.72746,0.5983999999999999
0.9,0.56,0.72986,0.603
0.9,0.58,0.7373000000000001,0.61104
0.9,0.6,0.73872,0.6119
0.9,0.62,0.74716,0.61946
0.9,0.64,0.74898,0.6206
0.9,0.66,0.75286,0.62426
0.9,0.68,0.75676,0.6271599999999999
0.9,0.7000000000000001,0.7551799999999999,0.62666
0.9,0.72,0.7593599999999999,0.63178
0.9,0.74,0.7623199999999999,0.63284
0.9,0.76,0.76472,0.63652
0.9,0.78,0.7675600000000001,0.6409
0.9,0.8,0.7692399999999999,0.6392399999999999
0.9,0.8200000000000001,0.7716,0.6436799999999999
0.9,0.84,0.77148,0.64044
0.9,0.86,0.7748599999999999,0.6480800000000001
0.9,0.88,0.7745400000000001,0.6459400000000001
0.9,0.9,0.7768,0.6513800000000001
0.9,0.92,0.77758,0.64992
0.9,0.9400000000000001,0.77914,0.6524800000000001
0.9,0.96,0.7807000000000002,0.65226
0.9,0.98,0.7818399999999999,0.6537
0.9,1.0,0.7830600000000001,0.655
0.92,0.0,0.00144,0.0013
0.92,0.02,0.0014200000000000003,0.00126
0.92,0.04,0.0033,0.003
0.92,0.06,0.00286,0.0025800000000000003
0.92,0.08,0.0052,0.0048000000000000004
0.92,0.1,0.00544,0.005
0.92,0.12,0.01248,0.011340000000000001
0.92,0.14,0.09474,0.08321999999999999
0.92,0.16,0.22808,0.19748
0.92,0.18,0.30014,0.25666
0.92,0.2,0.3699,0.31392
0.92,0.22,0.4552999999999999,0.3834199999999999
0.92,0.24,0.47246000000000005,0.3967
0.92,0.26,0.53498,0.44614000000000004
0.92,0.28,0.56308,0.4689400000000001
0.92,0.3,0.5860599999999999,0.48760000000000003
0.92,0.32,0.60882,0.50654
0.92,0.34,0.6280199999999999,0.52092
0.92,0.36,0.6414200000000001,0.5319200000000001
0.92,0.38,0.6562600000000001,0.54478
0.92,0.4,0.6691400000000001,0.55552
0.92,0.42,0.6788200000000001,0.56358
0.92,0.44,0.68802,0.57158
0.92,0.46,0.7006600000000002,0.5812
0.92,0.48,0.70986,0.59122
0.92,0.5,0.7130199999999999,0.59096
0.92,0.52,0.7201199999999999,0.59648
0.92,0.54,0.72544,0.60372
0.92,0.56,0.7328399999999999,0.6085999999999998
0.92,0.58,0.7367199999999999,0.61312
0.92,0.6,0.7376999999999999,0.61614
0.92,0.62,0.74296,0.61824
0.92,0.64,0.7510800000000001,0.6278199999999999
0.92,0.66,0.7513,0.62896
0.92,0.68,0.75412,0.63088
0.92,0.7000000000000001,0.75902,0.6350000000000001
0.92,0.72,0.75956,0.63706
0.92,0.74,0.76292,0.63876
0.92,0.76,0.7645800000000001,0.63868
0.92,0.78,0.7654799999999998,0.6413800000000001
0.92,0.8,0.7689,0.6449199999999999
0.92,0.8200000000000001,0.7705000000000001,0.6438200000000001
0.92,0.84,0.77326,0.6481800000000001
0.92,0.86,0.77536,0.6517400000000001
0.92,0.88,0.7739600000000002,0.6506400000000001
0.92,0.9,0.77494,0.65168
0.92,0.92,0.7780000000000001,0.6543000000000001
0.92,0.9400000000000001,0.77776,0.6550199999999999
0.92,0.96,0.7800000000000001,0.6546600000000001
0.92,0.98,0.7801600000000002,0.65746
0.92,1.0,0.7800600000000002,0.6553600000000002
0.9400000000000001,0.0,0.0012000000000000001,0.00106
0.9400000000000001,0.02,0.00148,0.0013800000000000002
0.9400000000000001,0.04,0.00248,0.0022600000000000003
0.9400000000000001,0.06,0.003280000000000001,0.0031400000000000004
0.9400000000000001,0.08,0.005680000000000001,0.00508
0.9400000000000001,0.1,0.00524,0.00466
0.9400000000000001,0.12,0.011880000000000002,0.0108
0.9400000000000001,0.14,0.08864,0.0781
0.9400000000000001,0.16,0.16801999999999995,0.14608000000000002
0.9400000000000001,0.18,0.30389999999999995,0.26054
0.9400000000000001,0.2,0.3562199999999999,0.30488
0.9400000000000001,0.22,0.4561,0.3869
0.9400000000000001,0.24,0.48616,0.40997999999999996
0.9400000000000001,0.26,0.5283800000000001,0.4433
0.9400000000000001,0.28,0.56714,0.47586
0.9400000000000001,0.3,0.5902799999999999,0.4955599999999999
0.9400000000000001,0.32,0.6121,0.51088
0.9400000000000001,0.34,0.62854,0.5247200000000001
0.9400000000000001,0.36,0.6425800000000002,0.5372399999999999
0.9400000000000001,0.38,0.6546599999999999,0.5462799999999999
0.9400000000000001,0.4,0.6690200000000001,0.55926
0.9400000000000001,0.42,0.6826000000000001,0.5709799999999998
0.9400000000000001,0.44,0.6907799999999998,0.57644
0.9400000000000001,0.46,0.6996000000000001,0.5844799999999999
0.9400000000000001,0.48,0.7050799999999999,0.59018
0.9400000000000001,0.5,0.7155400000000001,0.5976
0.9400000000000001,0.52,0.72116,0.6051999999999998
0.9400000000000001,0.54,0.7243600000000001,0.60672
0.9400000000000001,0.56,0.73082,0.61236
0.9400000000000001,0.58,0.73604,0.6184799999999999
0.9400000000000001,0.6,0.7386800000000001,0.62002
0.9400000000000001,0.62,0.74478,0.6256200000000001
0.9400000000000001,0.64,0.7490999999999999,0.62938
0.9400000000000001,0.66,0.7499800000000001,0.62936
0.9400000000000001,0.68,0.75562,0.63434
0.9400000000000001,0.7000000000000001,0.7603,0.6408
0.9400000000000001,0.72,0.75822,0.63836
0.9400000000000001,0.74,0.7632799999999998,0.64148
0.9400000000000001,0.76,0.7661400000000002,0.64498
0.9400000000000001,0.78,0.76536,0.64574
0.9400000000000001,0.8,0.7689600000000002,0.6468
0.9400000000000001,0.8200000000000001,0.7707599999999999,0.6501600000000001
0.9400000000000001,0.84,0.7696599999999999,0.64912
0.9400000000000001,0.86,0.7733800000000002,0.6536200000000001
0.9400000000000001,0.88,0.7729200000000002,0.65268
0.9400000000000001,0.9,0.7743000000000001,0.65404
0.9400000000000001,0.92,0.7769599999999999,0.6569400000000001
0.9400000000000001,0.9400000000000001,0.7754399999999998,0.6566400000000001
0.9400000000000001,0.96,0.7773,0.6584
0.9400000000000001,0.98,0.78032,0.65984
0.9400000000000001,1.0,0.7822000000000001,0.6632600000000001
0.96,0.0,0.0012,0.0010600000000000002
0.96,0.02,0.0016600000000000005,0.0014200000000000003
0.96,0.04,0.00272,0.00252
0.96,0.06,0.00378,0.00336
0.96,0.08,0.00408,0.0038
0.96,0.1,0.005860000000000001,0.00544
0.96,0.12,0.011819999999999999,0.0109
0.96,0.14,0.10268000000000001,0.09076000000000002
0.96,0.16,0.19157999999999997,0.16697999999999996
0.96,0.18,0.27708,0.2407
0.96,0.2,0.36442,0.3129
0.96,0.22,0.43594,0.3727000000000001
0.96,0.24,0.46781999999999996,0.3974599999999999
0.96,0.26,0.53868,0.45698
0.96,0.28,0.56422,0.47737999999999997
0.96,0.3,0.5914,0.49894000000000005
0.96,0.32,0.61148,0.5156200000000001
0.96,0.34,0.62668,0.5264800000000001
0.96,0.36,0.6430400000000001,0.53976
0.96,0.38,0.6577799999999999,0.55328
0.96,0.4,0.66824,0.56206
0.96,0.42,0.6808200000000001,0.57316
0.96,0.44,0.6912199999999998,0.58246
0.96,0.46,0.69634,0.58616
0.96,0.48,0.70648,0.5958399999999999
0.96,0.5,0.71526,0.60244
0.96,0.52,0.7216599999999999,0.6089800000000001
0.96,0.54,0.7260400000000001,0.6125599999999999
0.96,0.56,0.73134,0.61648
0.96,0.58,0.7339399999999999,0.61966
0.96,0.6,0.7417999999999999,0.62558
0.96,0.62,0.74458,0.6265999999999999
0.96,0.64,0.7471599999999999,0.6312800000000001
0.96,0.66,0.7519399999999998,0.63528
0.96,0.68,0.75318,0.6381
0.96,0.7000000000000001,0.7568400000000001,0.6407
0.96,0.72,0.75866,0.64158
0.96,0.74,0.7622600000000002,0.64744
0.96,0.76,0.7654600000000003,0.64936
0.96,0.78,0.7652,0.64992
0.96,0.8,0.7658600000000001,0.649
0.96,0.8200000000000001,0.77048,0.65444
0.96,0.84,0.7698400000000001,0.6516600000000001
0.96,0.86,0.7732600000000001,0.65762
0.96,0.88,0.7735,0.6574800000000001
0.96,0.9,0.7718,0.6551
0.96,0.92,0.77468,0.65828
0.96,0.9400000000000001,0.77614,0.65982
0.96,0.96,0.7780800000000001,0.6623
0.96,0.98,0.7784400000000001,0.6627200000000001
0.96,1.0,0.7805600000000001,0.6645400000000001
0.98,0.0,0.00132,0.0012000000000000003
0.98,0.02,0.0018400000000000003,0.0017000000000000001
0.98,0.04,0.00252,0.00234
0.98,0.06,0.00314,0.0029800000000000004
0.98,0.08,0.00466,0.00442
0.98,0.1,0.005660000000000001,0.00524
0.98,0.12,0.01054,0.009660000000000002
0.98,0.14,0.08920000000000002,0.07974
0.98,0.16,0.18946000000000002,0.16662000000000002
0.98,0.18,0.28762,0.2506
0.98,0.2,0.38594,0.33274000000000004
0.98,0.22,0.45688,0.39192
0.98,0.24,0.50132,0.42987999999999993
0.98,0.26,0.5352600000000001,0.45878
0.98,0.28,0.5538599999999999,0.47235999999999995
0.98,0.3,0.58954,0.50212
0.98,0.32,0.59862,0.5089000000000001
0.98,0.34,0.63202,0.5378999999999999
0.98,0.36,0.6469,0.5478200000000001
0.98,0.38,0.6598600000000002,0.55964
0.98,0.4,0.66908,0.5671999999999999
0.98,0.42,0.6813799999999999,0.5764999999999999
0.98,0.44,0.68904,0.58334
0.98,0.46,0.6999199999999999,0.5932
0.98,0.48,0.7069200000000001,0.59786
0.98,0.5,0.71504,0.60584
0.98,0.52,0.71988,0.61068
0.98,0.54,0.7282600000000001,0.61628
0.98,0.56,0.7283799999999999,0.6187
0.98,0.58,0.7364999999999999,0.62512
0.98,0.6,0.73968,0.62878
0.98,0.62,0.7443200000000002,0.63314
0.98,0.64,0.74764,0.63464
0.98,0.66,0.74936,0.63912
0.98,0.68,0.7553,0.64128
0.98,0.7000000000000001,0.7567599999999999,0.64402
0.98,0.72,0.7580000000000001,0.6454400000000001
0.98,0.74,0.7603,0.64876
0.98,0.76,0.7630200000000003,0.6501399999999999
0.98,0.78,0.76544,0.6534400000000001
0.98,0.8,0.7663199999999999,0.6554599999999999
0.98,0.8200000000000001,0.7669600000000001,0.65322
0.98,0.84,0.7695000000000001,0.65672
0.98,0.86,0.7697000000000002,0.65756
0.98,0.88,0.7722000000000001,0.65862
0.98,0.9,0.77402,0.6602199999999999
0.98,0.92,0.7732799999999999,0.6597799999999999
0.98,0.9400000000000001,0.7775,0.66436
0.98,0.96,0.7779,0.6668599999999999
0.98,0.98,0.7769000000000001,0.6659200000000002
0.98,1.0,0.7766600000000001,0.6647200000000001
1.0,0.0,0.0010400000000000001,0.0009
1.0,0.02,0.00168,0.0015400000000000004
1.0,0.04,0.0029000000000000002,0.0027400000000000002
1.0,0.06,0.003500000000000001,0.0033600000000000006
1.0,0.08,0.0041400000000000005,0.00384
1.0,0.1,0.00512,0.0048200000000000005
1.0,0.12,0.0118,0.01098
1.0,0.14,0.0843,0.07472
1.0,0.16,0.16442,0.14626
1.0,0.18,0.32946,0.28796
1.0,0.2,0.3919400000000001,0.33938
1.0,0.22,0.46224,0.39925999999999995
1.0,0.24,0.50626,0.43544000000000005
1.0,0.26,0.54034,0.46393999999999996
1.0,0.28,0.5680000000000001,0.48768
1.0,0.3,0.59294,0.5068
1.0,0.32,0.61078,0.52224
1.0,0.34,0.63072,0.53974
1.0,0.36,0.6472399999999999,0.55176
1.0,0.38,0.6578000000000002,0.56108
1.0,0.4,0.6689200000000001,0.57186
1.0,0.42,0.6813400000000001,0.58212
1.0,0.44,0.68742,0.58716
1.0,0.46,0.6968000000000001,0.59378
1.0,0.48,0.7060799999999999,0.60276
1.0,0.5,0.71632,0.61192
1.0,0.52,0.7196999999999999,0.6148000000000001
1.0,0.54,0.7279399999999999,0.6201599999999999
1.0,0.56,0.73332,0.62538
1.0,0.58,0.7390400000000001,0.63192
1.0,0.6,0.7408399999999999,0.63336
1.0,0.62,0.7423000000000001,0.6349400000000001
1.0,0.64,0.7477599999999999,0.6408400000000001
1.0,0.66,0.74976,0.64162
1.0,0.68,0.7554,0.6456400000000001
1.0,0.7000000000000001,0.7584600000000001,0.64936
1.0,0.72,0.75992,0.65154
1.0,0.74,0.75958,0.6519400000000001
1.0,0.76,0.76506,0.6560600000000001
1.0,0.78,0.7641399999999998,0.65494
1.0,0.8,0.7667,0.6554800000000001
1.0,0.8200000000000001,0.76866,0.66058
1.0,0.84,0.76858,0.66092
1.0,0.86,0.7714200000000001,0.6631199999999999
1.0,0.88,0.77404,0.6648999999999999
1.0,0.9,0.7736000000000002,0.6642600000000001
1.0,0.92,0.7746200000000001,0.6659999999999999
1.0,0.9400000000000001,0.7732600000000001,0.66496
1.0,0.96,0.77474,0.66768
1.0,0.98,0.7769800000000001,0.66834
1.0,1.0,0.77758,0.6703600000000002



