beta_U,infection_density,awareness_density
0.0,1.7058172817957808e-08,2.0469813929429365e-08
0.02,1.6067871438121247e-07,1.871102609606852e-07
0.04,3.682025272468885e-07,4.191703603162371e-07
0.06,1.2626907569048475e-06,1.4141360466175912e-06
0.08,5.4753386974533185e-06,6.054281445725282e-06
0.1,0.06066753780931621,0.07333436484109089
0.12,0.14229730571922272,0.20120426801900776
0.14,0.19638160652152084,0.3000162312698119
0.16,0.24007986193657394,0.37568931062927813
0.18,0.27795350306272415,0.434892326914484
0.2,0.311331804053777,0.4823395058932405
0.22,0.3408901039838978,0.521162436060781
0.24,0.36713797835318124,0.5534766226109836
0.26,0.390508502850333,0.5807553350307478
0.28,0.4113761632877546,0.6040555951489186
0.3,0.4300635566561431,0.6241559568730413
0.32,0.44684723136412835,0.6416430603964224
0.34,0.461963605905195,0.65696765691987
0.36,0.4756147919843501,0.6704821044310887
0.38,0.4879737851024684,0.6824659730760217
0.4,0.49918903093501443,0.693144038527126
0.42,0.5093883266358784,0.7026991742143156
0.44,0.5186820986988919,0.7112817514139494
0.46,0.5271660827767268,0.7190165685299075
0.48,0.5349236489332723,0.7260081383543183
0.5,0.5420276576052662,0.7323446614530653
0.52,0.5485420190009063,0.7381011079228457
0.54,0.5545230113453461,0.7433416337452473
0.56,0.5600203624446537,0.7481214731682387
0.58,0.5650781620911098,0.7524884486867712
0.6,0.5697356258158549,0.7564841811666099
0.62,0.5740277513928798,0.7601450745171439
0.64,0.5779858557355466,0.7635031098580451
0.66,0.581638047684793,0.7665865040085011
0.68,0.5850096196563193,0.7694202486247835
0.7000000000000001,0.5881233910649815,0.7720265618826133
0.72,0.590999998815079,0.7744252650420048
0.74,0.5936581478356184,0.7766340955955683
0.76,0.5961148301620215,0.7786689773988287
0.78,0.5983855144728687,0.7805442467866022
0.8,0.6004843084752102,0.7822728436841028
0.8200000000000001,0.6024241015339269,0.7838664778786378
0.84,0.6042166966832174,0.7853357745225755
0.86,0.6058729118386322,0.7866903910127134
0.88,0.6074026845927141,0.7879391276717397
0.9,0.6088151535930207,0.7890900184983558
0.92,0.6101187388493663,0.7901504136487313
0.9400000000000001,0.6113212031881544,0.7911270457893159
0.96,0.6124297187570076,0.7920260971651105
0.98,0.6134509169126892,0.7928532519534345
1.0,0.6143909364342537,0.7936137427143726
