beta_U,awareness_density_theta_0.76,infection_density_theta_0.76
0.0,0.0014900000000000002,0.0010600000000000002
0.02,0.0017400000000000002,0.0010800000000000002
0.04,0.00234,0.0017800000000000005
0.06,0.0030800000000000007,0.0023899999999999998
0.08,0.0035600000000000002,0.00264
0.1,0.00519,0.00413
0.12,0.010579999999999999,0.008690000000000002
0.14,0.08344999999999997,0.06966000000000001
0.16,0.18796,0.15267
0.18,0.29711999999999994,0.23701
0.2,0.3822900000000001,0.30062
0.22,0.44061000000000017,0.34512
0.24,0.49302,0.38359000000000004
0.26,0.5229400000000001,0.40572
0.28,0.55169,0.4268099999999999
0.3,0.5819000000000001,0.45019999999999993
0.32,0.5997699999999999,0.46560000000000007
0.34,0.62181,0.48143
0.36,0.6378100000000001,0.49468999999999996
0.38,0.6543800000000001,0.50824
0.4,0.66644,0.51675
0.42,0.6787100000000001,0.5284700000000001
0.44,0.6869299999999998,0.5344300000000001
0.46,0.69757,0.54312
0.48,0.70828,0.5531
0.5,0.71339,0.55684
0.52,0.71967,0.56406
0.54,0.7273699999999999,0.56966
0.56,0.73263,0.5750699999999999
0.58,0.7372899999999999,0.57798
0.6,0.7431300000000001,0.58575
0.62,0.7465500000000002,0.58914
0.64,0.7505999999999999,0.59276
0.66,0.7536700000000001,0.5943999999999999
0.68,0.7557900000000001,0.5965
0.7000000000000001,0.75983,0.6018899999999999
0.72,0.7635000000000001,0.6043399999999999
0.74,0.7663199999999999,0.6076799999999999
0.76,0.7669399999999997,0.6093399999999999
0.78,0.7716,0.61443
0.8,0.7713099999999998,0.6129100000000001
0.8200000000000001,0.7743600000000002,0.61702
0.84,0.7770500000000001,0.61867
0.86,0.7784400000000002,0.6205099999999999
0.88,0.7793599999999999,0.6236299999999999
0.9,0.7798,0.6227799999999999
0.92,0.7829,0.6267400000000001
0.9400000000000001,0.7833,0.6262599999999999
0.96,0.78445,0.6284099999999999
0.98,0.7863600000000001,0.63067
1.0,0.7866500000000001,0.6310899999999999
