beta_U,awareness_density_theta_0.3,awareness_density_theta_0.5,awareness_density_theta_0.7,infection_density_theta_0.3,infection_density_theta_0.5,infection_density_theta_0.7
0.0,0.01355,0.00136,0.00134,0.00014000000000000001,0.0005400000000000001,0.00127
0.02,0.013469999999999998,0.0013800000000000002,0.0015900000000000003,0.00026,0.00063,0.0014600000000000001
0.04,0.01393,0.0020800000000000003,0.0022400000000000002,0.00029000000000000006,0.00102,0.0019800000000000004
0.06,0.01464,0.0024500000000000004,0.0037400000000000007,0.00043999999999999996,0.0015800000000000002,0.0034000000000000007
0.08,0.01379,0.0037400000000000007,0.0033,0.00033,0.00234,0.0031100000000000004
0.1,0.01623,0.004220000000000001,0.005810000000000001,0.0010400000000000001,0.0028400000000000005,0.00517
0.12,0.015459999999999998,0.00833,0.01065,0.0009299999999999999,0.00561,0.009510000000000001
0.14,0.01679,0.04616000000000001,0.07615,0.00165,0.032350000000000004,0.06417
0.16,0.021090000000000005,0.15685999999999997,0.19172,0.00338,0.10606,0.1558
0.18,0.05859999999999999,0.2617,0.28615,0.02023,0.17331000000000002,0.22636
0.2,0.16896999999999998,0.33558000000000004,0.35682,0.07227,0.21836999999999995,0.27818000000000004
0.22,0.26805000000000007,0.40071000000000007,0.4273199999999999,0.12052,0.26027,0.3311900000000001
0.24,0.33228,0.45271000000000006,0.48546,0.15663999999999997,0.29281999999999997,0.37313
0.26,0.41214,0.48192999999999997,0.5170800000000001,0.20037,0.31231,0.39365
0.28,0.45748000000000005,0.5147600000000001,0.55178,0.22834,0.33585000000000015,0.4201499999999999
0.3,0.49393999999999993,0.55077,0.57245,0.25273,0.35950000000000004,0.434
0.32,0.53608,0.5777199999999999,0.6010699999999999,0.28135,0.37817,0.4565800000000001
0.34,0.5642400000000002,0.60156,0.61531,0.30175,0.39609,0.46686999999999995
0.36,0.59401,0.6211,0.63327,0.32594,0.4107699999999999,0.48013
0.38,0.61323,0.63697,0.64789,0.34146999999999994,0.4242499999999999,0.49200999999999995
0.4,0.6254799999999999,0.6540600000000001,0.6634200000000001,0.35513999999999996,0.43799999999999994,0.5040700000000001
0.42,0.6489000000000001,0.6669800000000001,0.6740100000000001,0.37310999999999994,0.44808,0.51345
0.44,0.6677000000000001,0.6801599999999999,0.6879100000000001,0.39065,0.45924,0.5244099999999999
0.46,0.6790700000000001,0.6905400000000002,0.69522,0.40178,0.47004999999999997,0.5308999999999999
0.48,0.6913400000000002,0.69831,0.7045399999999999,0.4128699999999999,0.47647000000000006,0.53845
0.5,0.7037099999999998,0.7086299999999999,0.7121599999999999,0.4251599999999999,0.4862700000000001,0.54491
0.52,0.7121,0.71673,0.7184199999999998,0.43321999999999994,0.4928700000000001,0.54872
0.54,0.7215599999999999,0.72345,0.7267,0.4462900000000001,0.49954,0.5582
0.56,0.73063,0.72788,0.73142,0.45492000000000005,0.5055,0.5629500000000001
0.58,0.7333999999999999,0.73622,0.7371199999999999,0.4593800000000001,0.51332,0.56819
0.6,0.7435099999999999,0.74189,0.7421899999999998,0.47082,0.51881,0.5721399999999999
0.62,0.7484100000000001,0.7480800000000001,0.74563,0.47619,0.5250300000000001,0.57531
0.64,0.7548699999999999,0.75152,0.7505499999999999,0.48351,0.52939,0.57914
0.66,0.7602600000000002,0.7569500000000001,0.7553800000000002,0.49004999999999993,0.53437,0.58487
0.68,0.76221,0.75882,0.7564200000000002,0.49352999999999997,0.53667,0.5890599999999999
0.7000000000000001,0.7668,0.7639200000000003,0.7607199999999998,0.49914000000000003,0.5422600000000001,0.5913999999999999
0.72,0.7711100000000001,0.7673400000000001,0.7644300000000002,0.50337,0.5460200000000001,0.5954499999999999
0.74,0.7743099999999999,0.7698999999999999,0.7671399999999999,0.51011,0.5502600000000001,0.5970099999999999
0.76,0.7765700000000001,0.7741000000000002,0.76983,0.51308,0.5543199999999999,0.59819
0.78,0.7832400000000002,0.77484,0.7709100000000002,0.52156,0.55555,0.6015299999999999
0.8,0.7841600000000001,0.77887,0.7737499999999998,0.5217900000000001,0.56017,0.6035099999999999
0.8200000000000001,0.7847900000000001,0.7808700000000001,0.77519,0.5230800000000001,0.5621600000000001,0.6063200000000001
0.84,0.7862900000000002,0.7834700000000001,0.77759,0.5268600000000001,0.5655300000000001,0.6088799999999999
0.86,0.7890700000000002,0.7846800000000002,0.7799200000000001,0.5292000000000001,0.5665199999999999,0.6117699999999999
0.88,0.7907499999999998,0.7866500000000001,0.7799300000000002,0.5322,0.5688300000000001,0.61298
0.9,0.79324,0.78691,0.7822,0.5355500000000001,0.5705199999999999,0.6155399999999999
0.92,0.7953600000000002,0.7896299999999999,0.78402,0.5388600000000001,0.57358,0.6177599999999999
0.9400000000000001,0.7964500000000001,0.7919700000000001,0.7851300000000001,0.5392100000000001,0.57637,0.61823
0.96,0.7974500000000002,0.79268,0.78571,0.54255,0.57777,0.6187
0.98,0.7997200000000001,0.7945300000000001,0.7866200000000001,0.5445700000000001,0.57912,0.6207499999999999
1.0,0.7993300000000001,0.7953600000000002,0.7887000000000001,0.5450499999999999,0.58028,0.622
