beta_U,infection_density,awareness_density,theta
0.0,1.7058172817957808e-08,3.4438914827714496e-05,0.7
0.02,1.5631973023003497e-07,3.460059608709314e-05,0.7
0.04,6.113616349467428e-07,3.511471289738306e-05,0.7
0.06,1.6735893722690362e-06,3.6293479827657357e-05,0.7
0.08,6.220334475368372e-06,4.1299076371028905e-05,0.7
0.1,0.0666601872168841,0.0734233820672139,0.7
0.12,0.17580520213222714,0.19389751685356998,0.7
0.14,0.2591068650717425,0.2867234007167316,0.7
0.16,0.3228678900990409,0.3592514249463958,0.7
0.18,0.37222248307271794,0.4172587067312521,0.7
0.2,0.41089240408534444,0.4646294646041247,0.7
0.22,0.4416175077224857,0.5039751870434865,0.7
0.24,0.46641917659148,0.5371014550365418,0.7
0.26,0.48677514722770204,0.5653016469091066,0.7
0.28,0.5037566538079054,0.5895318731217899,0.7
0.3,0.518139195471774,0.6105174282739334,0.7
0.32,0.5304871279719352,0.6288196762076622,0.7
0.34,0.5412153072937239,0.6448801368594017,0.7
0.36,0.550632664974192,0.6590507028605518,0.7
0.38,0.5589726115694507,0.6716150633839862,0.7
0.4,0.5664141533288253,0.6828042092730832,0.7
0.42,0.5730966266259363,0.6928079410117413,0.7
0.44,0.5791301062296987,0.7017835340142285,0.7
0.46,0.584602765321668,0.7098622864826384,0.7
0.48,0.5895861910070959,0.7171546062126248,0.7
0.5,0.5941391460617136,0.7237540114820004,0.7
0.52,0.5983106959121188,0.7297400275919215,0.7
0.54,0.6021417518050958,0.7351810093910464,0.7
0.56,0.6056675613790274,0.740135577713612,0.7
0.58,0.6089176700140324,0.7446547947831014,0.7
0.6,0.6119181569438348,0.7487828642519256,0.7
0.62,0.6146915812590764,0.752558513492579,0.7
0.64,0.6172575874973699,0.7560157604783162,0.7
0.66,0.6196337211189461,0.7591845613548508,0.7
0.68,0.6218351462435251,0.762091450138242,0.7
0.7000000000000001,0.6238766055530517,0.7647599523229125,0.7
0.72,0.6257695628632653,0.7672110835333605,0.7
0.74,0.6275255095645091,0.7694635952145678,0.7
0.76,0.6291548873587955,0.771534341626208,0.7
0.78,0.6306666386277417,0.7734384473722496,0.7
0.8,0.6320691065051064,0.7751895542136642,0.7
0.8200000000000001,0.6333706248321309,0.7768001040827228,0.7
0.84,0.6345772470055359,0.7782811464949105,0.7
0.86,0.6356957943018663,0.779642891610856,0.7
0.88,0.6367321778060306,0.7808945825368622,0.7
0.9,0.6376916346815249,0.7820446027922613,0.7
0.92,0.6385799714025293,0.7831008261187433,0.7
0.9400000000000001,0.6394016041115883,0.784070265752192,0.7
0.96,0.6401607331377902,0.7849593664347772,0.7
0.98,0.6408616496000871,0.7857741483394063,0.7
1.0,0.6415080158833479,0.7865200702387831,0.7
