lambda_info,beta_U,awareness_density,infection_density
0.8,0.0,0.5526800000000001,0.0
0.8,0.02,0.55316,4e-05
0.8,0.04,0.5522400000000001,0.0
0.8,0.06,0.5508000000000001,8e-05
0.8,0.08,0.55328,0.0
0.8,0.1,0.55296,0.0
0.8,0.12,0.55376,0.0
0.8,0.14,0.5516000000000001,0.0
0.8,0.16,0.55256,0.0
0.8,0.18,0.5504400000000002,4e-05
0.8,0.2,0.55288,0.00144
0.8,0.22,0.5521600000000001,0.0
0.8,0.24,0.55396,0.00043999999999999996
0.8,0.26,0.5546400000000001,0.0034400000000000003
0.8,0.28,0.5773199999999999,0.05052
0.8,0.3,0.60932,0.10984
0.8,0.32,0.63468,0.1664
0.8,0.34,0.6538,0.20635999999999996
0.8,0.36,0.6722400000000001,0.24124
0.8,0.38,0.6888799999999999,0.27604
0.8,0.4,0.7008,0.3034
0.8,0.42,0.7128,0.3232
0.8,0.44,0.7222399999999999,0.34196
0.8,0.46,0.7306400000000001,0.36168
0.8,0.48,0.73872,0.37512
0.8,0.5,0.7469199999999999,0.39391999999999994
0.8,0.52,0.7517199999999999,0.40204
0.8,0.54,0.7588000000000001,0.41851999999999995
0.8,0.56,0.7657599999999999,0.43087999999999993
0.8,0.58,0.767,0.43652
0.8,0.6,0.77416,0.44308
0.8,0.62,0.7770800000000001,0.45460000000000006
0.8,0.64,0.78016,0.4586
0.8,0.66,0.7855199999999999,0.47376000000000007
0.8,0.68,0.7878000000000002,0.47588
0.8,0.7000000000000001,0.7880400000000002,0.4771999999999999
0.8,0.72,0.79164,0.48200000000000004
0.8,0.74,0.79656,0.4916
0.8,0.76,0.79824,0.49595999999999996
0.8,0.78,0.7996,0.5009999999999999
0.8,0.8,0.80208,0.50528
0.8,0.8200000000000001,0.80376,0.50812
0.8,0.84,0.8049999999999998,0.51124
0.8,0.86,0.8044,0.5117200000000001
0.8,0.88,0.81244,0.52044
0.8,0.9,0.80936,0.51788
0.8,0.92,0.8103999999999999,0.52156
0.8,0.9400000000000001,0.8115600000000001,0.5256000000000001
0.8,0.96,0.8143600000000001,0.5322
0.8,0.98,0.81392,0.53068
0.8,1.0,0.8143600000000001,0.53256
0.8200000000000001,0.0,0.5516000000000001,0.0
0.8200000000000001,0.02,0.5527200000000001,0.0
0.8200000000000001,0.04,0.55356,0.0
0.8200000000000001,0.06,0.5534,8e-05
0.8200000000000001,0.08,0.553,0.0
0.8200000000000001,0.1,0.55216,0.0
0.8200000000000001,0.12,0.55144,0.0
0.8200000000000001,0.14,0.5539200000000001,0.0
0.8200000000000001,0.16,0.55112,0.00016
0.8200000000000001,0.18,0.5534000000000001,8e-05
0.8200000000000001,0.2,0.55328,8e-05
0.8200000000000001,0.22,0.5536400000000001,0.0008
0.8200000000000001,0.24,0.5526800000000001,0.00024
0.8200000000000001,0.26,0.5575600000000001,0.00376
0.8200000000000001,0.28,0.5711600000000001,0.03912
0.8200000000000001,0.3,0.60636,0.10703999999999998
0.8200000000000001,0.32,0.63624,0.1696
0.8200000000000001,0.34,0.654,0.20308000000000004
0.8200000000000001,0.36,0.66824,0.23676000000000003
0.8200000000000001,0.38,0.6895600000000001,0.27124
0.8200000000000001,0.4,0.69964,0.29868
0.8200000000000001,0.42,0.7132000000000001,0.32632
0.8200000000000001,0.44,0.7200799999999999,0.34020000000000006
0.8200000000000001,0.46,0.73336,0.36504000000000003
0.8200000000000001,0.48,0.7415600000000001,0.38168
0.8200000000000001,0.5,0.7478800000000001,0.3934
0.8200000000000001,0.52,0.75476,0.4068
0.8200000000000001,0.54,0.75988,0.41795999999999994
0.8200000000000001,0.56,0.76544,0.43095999999999995
0.8200000000000001,0.58,0.76776,0.43756
0.8200000000000001,0.6,0.7763199999999999,0.44736000000000004
0.8200000000000001,0.62,0.7757599999999999,0.45588000000000006
0.8200000000000001,0.64,0.7815200000000001,0.46136000000000005
0.8200000000000001,0.66,0.7872,0.47391999999999995
0.8200000000000001,0.68,0.78752,0.47372
0.8200000000000001,0.7000000000000001,0.7918000000000001,0.48432000000000003
0.8200000000000001,0.72,0.7940400000000001,0.48747999999999997
0.8200000000000001,0.74,0.7952800000000001,0.48916
0.8200000000000001,0.76,0.7974,0.49579999999999996
0.8200000000000001,0.78,0.8014,0.50408
0.8200000000000001,0.8,0.8009200000000001,0.50544
0.8200000000000001,0.8200000000000001,0.8039200000000001,0.51032
0.8200000000000001,0.84,0.8033199999999999,0.5091600000000001
0.8200000000000001,0.86,0.8062400000000001,0.5118
0.8200000000000001,0.88,0.8066000000000001,0.5142
0.8200000000000001,0.9,0.80916,0.5222
0.8200000000000001,0.92,0.81112,0.5222399999999999
0.8200000000000001,0.9400000000000001,0.81436,0.52756
0.8200000000000001,0.96,0.8125600000000002,0.5289200000000001
0.8200000000000001,0.98,0.8159599999999999,0.53308
0.8200000000000001,1.0,0.81596,0.53044
0.8400000000000001,0.0,0.55228,0.0
0.8400000000000001,0.02,0.55272,0.0
0.8400000000000001,0.04,0.5522,0.0
0.8400000000000001,0.06,0.55232,0.0002
0.8400000000000001,0.08,0.5525200000000001,8e-05
0.8400000000000001,0.1,0.5526800000000001,0.00036
0.8400000000000001,0.12,0.55272,0.0
0.8400000000000001,0.14,0.55308,0.0002
0.8400000000000001,0.16,0.55172,0.0
0.8400000000000001,0.18,0.5531600000000002,0.00048
0.8400000000000001,0.2,0.5551600000000001,8e-05
0.8400000000000001,0.22,0.55484,0.0008
0.8400000000000001,0.24,0.5512400000000001,0.0010800000000000002
0.8400000000000001,0.26,0.55572,0.00244
0.8400000000000001,0.28,0.57612,0.04304
0.8400000000000001,0.3,0.61156,0.11728000000000001
0.8400000000000001,0.32,0.63356,0.16079999999999997
0.8400000000000001,0.34,0.6574000000000001,0.20995999999999998
0.8400000000000001,0.36,0.67384,0.24072
0.8400000000000001,0.38,0.69088,0.27876
0.8400000000000001,0.4,0.695,0.28488
0.8400000000000001,0.42,0.71068,0.32076
0.8400000000000001,0.44,0.7218399999999999,0.34196000000000004
0.8400000000000001,0.46,0.7300799999999998,0.35828000000000004
0.8400000000000001,0.48,0.7373599999999999,0.37636
0.8400000000000001,0.5,0.7504000000000001,0.39887999999999996
0.8400000000000001,0.52,0.7538799999999999,0.40724000000000005
0.8400000000000001,0.54,0.75888,0.41395999999999994
0.8400000000000001,0.56,0.7610399999999999,0.42188000000000003
0.8400000000000001,0.58,0.76944,0.44024
0.8400000000000001,0.6,0.77312,0.44268
0.8400000000000001,0.62,0.7751600000000001,0.45176
0.8400000000000001,0.64,0.77912,0.45848
0.8400000000000001,0.66,0.78452,0.47232
0.8400000000000001,0.68,0.7852799999999999,0.4738
0.8400000000000001,0.7000000000000001,0.79304,0.48507999999999996
0.8400000000000001,0.72,0.7929600000000001,0.48747999999999997
0.8400000000000001,0.74,0.7970800000000001,0.49232
0.8400000000000001,0.76,0.7996400000000001,0.49872
0.8400000000000001,0.78,0.80128,0.50144
0.8400000000000001,0.8,0.80256,0.50496
0.8400000000000001,0.8200000000000001,0.80092,0.503
0.8400000000000001,0.84,0.80188,0.50652
0.8400000000000001,0.86,0.80696,0.51492
0.8400000000000001,0.88,0.8069599999999998,0.5141600000000001
0.8400000000000001,0.9,0.8094800000000002,0.52224
0.8400000000000001,0.92,0.8094,0.5206000000000001
0.8400000000000001,0.9400000000000001,0.8120400000000001,0.52924
0.8400000000000001,0.96,0.8127599999999999,0.52692
0.8400000000000001,0.98,0.8128000000000002,0.52568
0.8400000000000001,1.0,0.8142,0.53008
0.86,0.0,0.5520400000000001,4e-05
0.86,0.02,0.55452,0.0
0.86,0.04,0.55308,8e-05
0.86,0.06,0.55308,0.0
0.86,0.08,0.5529200000000001,8e-05
0.86,0.1,0.5530000000000002,4e-05
0.86,0.12,0.5536000000000001,0.00028000000000000003
0.86,0.14,0.5544,0.00024
0.86,0.16,0.554,0.0002
0.86,0.18,0.55488,0.0002
0.86,0.2,0.5543600000000001,0.0008799999999999999
0.86,0.22,0.5534,0.0012
0.86,0.24,0.55424,0.00092
0.86,0.26,0.5553200000000001,0.00296
0.86,0.28,0.57336,0.04076
0.86,0.3,0.60528,0.10692
0.86,0.32,0.63664,0.16544
0.86,0.34,0.65544,0.20576
0.86,0.36,0.67356,0.2422
0.86,0.38,0.68688,0.26824000000000003
0.86,0.4,0.69816,0.29560000000000003
0.86,0.42,0.7166,0.32783999999999996
0.86,0.44,0.7227999999999999,0.34568000000000004
0.86,0.46,0.73072,0.36216000000000004
0.86,0.48,0.74044,0.37695999999999996
0.86,0.5,0.74564,0.39184
0.86,0.52,0.755,0.40692
0.86,0.54,0.7576000000000002,0.41416
0.86,0.56,0.76388,0.42904000000000003
0.86,0.58,0.7678400000000001,0.43512
0.86,0.6,0.77436,0.4494
0.86,0.62,0.7768400000000001,0.45268
0.86,0.64,0.7803600000000002,0.45936
0.86,0.66,0.7862,0.47036
0.86,0.68,0.7864,0.47092
0.86,0.7000000000000001,0.7939600000000001,0.48767999999999995
0.86,0.72,0.7922000000000001,0.48412
0.86,0.74,0.7953600000000001,0.49111999999999995
0.86,0.76,0.8005200000000001,0.50292
0.86,0.78,0.80096,0.5025200000000001
0.86,0.8,0.8008000000000002,0.5038
0.86,0.8200000000000001,0.8055600000000002,0.512
0.86,0.84,0.80632,0.5101200000000001
0.86,0.86,0.80524,0.5114
0.86,0.88,0.8063600000000001,0.5158799999999999
0.86,0.9,0.8102799999999999,0.5223599999999999
0.86,0.92,0.80988,0.52036
0.86,0.9400000000000001,0.8132800000000002,0.52732
0.86,0.96,0.8122000000000001,0.52512
0.86,0.98,0.814,0.52932
0.86,1.0,0.8130399999999999,0.53
0.88,0.0,0.55352,0.0
0.88,0.02,0.5531200000000001,0.0
0.88,0.04,0.5544800000000001,0.0
0.88,0.06,0.55308,0.00012
0.88,0.08,0.553,0.00012
0.88,0.1,0.5528,0.0
0.88,0.12,0.55428,0.00032
0.88,0.14,0.55208,0.0
0.88,0.16,0.553,0.0
0.88,0.18,0.5544000000000001,0.0005200000000000001
0.88,0.2,0.55304,0.0
0.88,0.22,0.5514800000000001,0.0
0.88,0.24,0.55388,0.00072
0.88,0.26,0.55484,0.00268
0.88,0.28,0.5741999999999999,0.03972
0.88,0.3,0.61432,0.11908000000000002
0.88,0.32,0.62912,0.15596
0.88,0.34,0.6528,0.2024
0.88,0.36,0.6748000000000001,0.24475999999999995
0.88,0.38,0.68872,0.27412000000000003
0.88,0.4,0.6998400000000001,0.29668
0.88,0.42,0.7142000000000001,0.32736
0.88,0.44,0.7222399999999999,0.33856
0.88,0.46,0.7319600000000002,0.35888
0.88,0.48,0.7389600000000001,0.37607999999999997
0.88,0.5,0.74464,0.38712
0.88,0.52,0.755,0.40803999999999996
0.88,0.54,0.75704,0.41796000000000005
0.88,0.56,0.76212,0.42400000000000004
0.88,0.58,0.7722,0.44367999999999996
0.88,0.6,0.77264,0.4468000000000001
0.88,0.62,0.77644,0.4532
0.88,0.64,0.7812,0.46364000000000005
0.88,0.66,0.7856000000000001,0.46972
0.88,0.68,0.78672,0.47124000000000005
0.88,0.7000000000000001,0.7916800000000002,0.48364000000000007
0.88,0.72,0.7971600000000001,0.49440000000000006
0.88,0.74,0.7929200000000001,0.48676
0.88,0.76,0.79632,0.49396
0.88,0.78,0.8001600000000002,0.5012
0.88,0.8,0.8006,0.50468
0.88,0.8200000000000001,0.8033600000000001,0.5099199999999999
0.88,0.84,0.8049999999999998,0.51268
0.88,0.86,0.8092800000000001,0.51812
0.88,0.88,0.80668,0.5140800000000001
0.88,0.9,0.80912,0.52008
0.88,0.92,0.8092400000000001,0.5175200000000001
0.88,0.9400000000000001,0.8107599999999999,0.5233200000000001
0.88,0.96,0.8125600000000002,0.5234400000000001
0.88,0.98,0.81172,0.5254800000000001
0.88,1.0,0.8151600000000001,0.5334
0.9,0.0,0.5529200000000001,4e-05
0.9,0.02,0.55316,0.00012
0.9,0.04,0.55328,4e-05
0.9,0.06,0.5550400000000001,0.0
0.9,0.08,0.55364,0.0
0.9,0.1,0.5531200000000001,8e-05
0.9,0.12,0.5539200000000001,0.0
0.9,0.14,0.55476,0.00024
0.9,0.16,0.5528799999999999,0.0
0.9,0.18,0.5532,4e-05
0.9,0.2,0.5550400000000001,0.00072
0.9,0.22,0.55132,0.0007999999999999999
0.9,0.24,0.5528000000000001,0.00116
0.9,0.26,0.55776,0.0038
0.9,0.28,0.57316,0.036840000000000005
0.9,0.3,0.6055999999999999,0.10892000000000002
0.9,0.32,0.6362400000000001,0.16599999999999998
0.9,0.34,0.6468,0.19008
0.9,0.36,0.67356,0.24083999999999997
0.9,0.38,0.68868,0.27208000000000004
0.9,0.4,0.69928,0.29388
0.9,0.42,0.7114799999999998,0.3226
0.9,0.44,0.72148,0.33976
0.9,0.46,0.7288799999999999,0.35607999999999995
0.9,0.48,0.73508,0.37052
0.9,0.5,0.74592,0.38983999999999996
0.9,0.52,0.7537999999999999,0.4022
0.9,0.54,0.7576,0.41348
0.9,0.56,0.7636800000000001,0.42711999999999994
0.9,0.58,0.76796,0.43564
0.9,0.6,0.7730800000000001,0.44480000000000003
0.9,0.62,0.7776000000000001,0.45355999999999996
0.9,0.64,0.7806800000000002,0.462
0.9,0.66,0.7861199999999999,0.46608
0.9,0.68,0.78972,0.47747999999999996
0.9,0.7000000000000001,0.7895599999999999,0.47928
0.9,0.72,0.7931199999999999,0.48452
0.9,0.74,0.7956399999999999,0.49091999999999997
0.9,0.76,0.79688,0.49448000000000003
0.9,0.78,0.8003200000000001,0.50436
0.9,0.8,0.80116,0.5017999999999999
0.9,0.8200000000000001,0.8022800000000002,0.50564
0.9,0.84,0.8071200000000001,0.5136799999999999
0.9,0.86,0.8077599999999999,0.51652
0.9,0.88,0.80796,0.51632
0.9,0.9,0.8101599999999999,0.5226000000000001
0.9,0.92,0.80932,0.51876
0.9,0.9400000000000001,0.8125200000000001,0.5247600000000001
0.9,0.96,0.8150400000000001,0.5281600000000001
0.9,0.98,0.8127600000000001,0.5258400000000001
0.9,1.0,0.8148800000000002,0.5262
0.92,0.0,0.5526400000000001,0.0
0.92,0.02,0.55588,0.0
0.92,0.04,0.55304,0.0
0.92,0.06,0.55376,4e-05
0.92,0.08,0.5554399999999999,0.0
0.92,0.1,0.5537200000000001,0.0
0.92,0.12,0.55372,0.0
0.92,0.14,0.5534,8e-05
0.92,0.16,0.5542,0.0
0.92,0.18,0.5546000000000001,0.00028000000000000003
0.92,0.2,0.5522400000000001,0.00032
0.92,0.22,0.55432,0.0002
0.92,0.24,0.55456,0.0024800000000000004
0.92,0.26,0.5536800000000001,0.00344
0.92,0.28,0.57144,0.04064
0.92,0.3,0.6004400000000001,0.09584
0.92,0.32,0.63824,0.16916
0.92,0.34,0.6541199999999999,0.19875999999999996
0.92,0.36,0.67116,0.23796
0.92,0.38,0.6805599999999998,0.25796
0.92,0.4,0.7035999999999999,0.30204000000000003
0.92,0.42,0.7131200000000001,0.3218
0.92,0.44,0.7204,0.34003999999999995
0.92,0.46,0.73012,0.35584000000000005
0.92,0.48,0.73808,0.37428000000000006
0.92,0.5,0.7447999999999999,0.3892400000000001
0.92,0.52,0.7503999999999997,0.39908
0.92,0.54,0.7582800000000001,0.41396
0.92,0.56,0.7648800000000001,0.42832000000000003
0.92,0.58,0.7686800000000001,0.4362
0.92,0.6,0.7757200000000002,0.45104
0.92,0.62,0.7800800000000001,0.46104
0.92,0.64,0.78376,0.46480000000000005
0.92,0.66,0.78456,0.46675999999999995
0.92,0.68,0.787,0.4738
0.92,0.7000000000000001,0.79132,0.4809599999999999
0.92,0.72,0.79328,0.48651999999999995
0.92,0.74,0.7953199999999999,0.49112
0.92,0.76,0.79732,0.49604000000000004
0.92,0.78,0.8002400000000001,0.5009999999999999
0.92,0.8,0.8024800000000001,0.50168
0.92,0.8200000000000001,0.8032800000000002,0.50644
0.92,0.84,0.80376,0.51012
0.92,0.86,0.80656,0.5156400000000001
0.92,0.88,0.8074399999999998,0.51772
0.92,0.9,0.80932,0.5216400000000001
0.92,0.92,0.80944,0.5220400000000001
0.92,0.9400000000000001,0.81056,0.5246400000000001
0.92,0.96,0.8146,0.52888
0.92,0.98,0.8145600000000001,0.5298
0.92,1.0,0.8146000000000001,0.5296400000000001
0.9400000000000001,0.0,0.55472,4e-05
0.9400000000000001,0.02,0.5540400000000001,4e-05
0.9400000000000001,0.04,0.5538000000000001,0.0
0.9400000000000001,0.06,0.55508,8e-05
0.9400000000000001,0.08,0.55496,0.0
0.9400000000000001,0.1,0.55348,0.0
0.9400000000000001,0.12,0.55328,0.0
0.9400000000000001,0.14,0.5551200000000001,4e-05
0.9400000000000001,0.16,0.55468,0.0002
0.9400000000000001,0.18,0.5537200000000001,0.00052
0.9400000000000001,0.2,0.55344,0.0004
0.9400000000000001,0.22,0.5555600000000002,0.0005200000000000001
0.9400000000000001,0.24,0.5552,0.00016
0.9400000000000001,0.26,0.55688,0.0041600000000000005
0.9400000000000001,0.28,0.56828,0.032
0.9400000000000001,0.3,0.6057199999999999,0.10604
0.9400000000000001,0.32,0.63928,0.16904
0.9400000000000001,0.34,0.6571600000000001,0.20919999999999997
0.9400000000000001,0.36,0.67232,0.24312
0.9400000000000001,0.38,0.6873199999999998,0.2712
0.9400000000000001,0.4,0.6973600000000001,0.29272
0.9400000000000001,0.42,0.70512,0.30635999999999997
0.9400000000000001,0.44,0.7266399999999998,0.34972000000000003
0.9400000000000001,0.46,0.7306800000000001,0.35844000000000004
0.9400000000000001,0.48,0.7414799999999999,0.38008
0.9400000000000001,0.5,0.7487999999999999,0.39308
0.9400000000000001,0.52,0.7537599999999999,0.40664
0.9400000000000001,0.54,0.76044,0.41916
0.9400000000000001,0.56,0.7614,0.42368
0.9400000000000001,0.58,0.76988,0.43748
0.9400000000000001,0.6,0.7734399999999999,0.45171999999999995
0.9400000000000001,0.62,0.7774000000000001,0.45228
0.9400000000000001,0.64,0.78352,0.4648
0.9400000000000001,0.66,0.7873600000000002,0.47284
0.9400000000000001,0.68,0.78856,0.4774400000000001
0.9400000000000001,0.7000000000000001,0.7913600000000001,0.48288
0.9400000000000001,0.72,0.7942000000000001,0.48804
0.9400000000000001,0.74,0.79364,0.48924
0.9400000000000001,0.76,0.7981199999999999,0.4964
0.9400000000000001,0.78,0.7980000000000002,0.49844
0.9400000000000001,0.8,0.80188,0.50196
0.9400000000000001,0.8200000000000001,0.8015599999999999,0.5036
0.9400000000000001,0.84,0.8068000000000002,0.5124
0.9400000000000001,0.86,0.8083199999999999,0.51508
0.9400000000000001,0.88,0.8073200000000001,0.51368
0.9400000000000001,0.9,0.8073600000000001,0.5159600000000001
0.9400000000000001,0.92,0.81152,0.52192
0.9400000000000001,0.9400000000000001,0.8118400000000001,0.5234400000000001
0.9400000000000001,0.96,0.81204,0.52388
0.9400000000000001,0.98,0.8136,0.5264
0.9400000000000001,1.0,0.8148800000000002,0.5307999999999999
0.96,0.0,0.55604,8e-05
0.96,0.02,0.5562,0.0
0.96,0.04,0.55496,0.0
0.96,0.06,0.552,0.0
0.96,0.08,0.5536000000000001,0.0
0.96,0.1,0.55388,0.0
0.96,0.12,0.5552000000000001,4e-05
0.96,0.14,0.55564,4e-05
0.96,0.16,0.5552800000000001,8e-05
0.96,0.18,0.5548400000000001,0.00012
0.96,0.2,0.55452,0.0
0.96,0.22,0.55456,0.0005200000000000001
0.96,0.24,0.55488,0.00043999999999999996
0.96,0.26,0.5549200000000001,0.00216
0.96,0.28,0.5766800000000001,0.04288
0.96,0.3,0.6120399999999999,0.11728
0.96,0.32,0.6282000000000001,0.15192
0.96,0.34,0.6509199999999999,0.19415999999999997
0.96,0.36,0.6723600000000001,0.23844
0.96,0.38,0.6846799999999998,0.26980000000000004
0.96,0.4,0.7055600000000001,0.30472
0.96,0.42,0.7131200000000001,0.32128
0.96,0.44,0.7221199999999999,0.3423199999999999
0.96,0.46,0.7336799999999998,0.36504
0.96,0.48,0.7388800000000001,0.37451999999999996
0.96,0.5,0.7459600000000001,0.3906
0.96,0.52,0.75452,0.40704000000000007
0.96,0.54,0.7610000000000001,0.42132
0.96,0.56,0.7647999999999999,0.429
0.96,0.58,0.76976,0.43528
0.96,0.6,0.7746400000000001,0.44908000000000003
0.96,0.62,0.7779599999999999,0.45632
0.96,0.64,0.7811600000000002,0.45892000000000005
0.96,0.66,0.78476,0.46744
0.96,0.68,0.7883600000000002,0.4722799999999999
0.96,0.7000000000000001,0.7888400000000001,0.48147999999999996
0.96,0.72,0.79372,0.4874
0.96,0.74,0.79584,0.49032
0.96,0.76,0.79576,0.49308
0.96,0.78,0.79988,0.5014
0.96,0.8,0.80368,0.5100399999999999
0.96,0.8200000000000001,0.8025199999999999,0.5062800000000001
0.96,0.84,0.80636,0.5147600000000001
0.96,0.86,0.80604,0.51444
0.96,0.88,0.8093600000000001,0.5184000000000001
0.96,0.9,0.81076,0.51948
0.96,0.92,0.8104399999999999,0.52136
0.96,0.9400000000000001,0.8112400000000001,0.52444
0.96,0.96,0.8138,0.52864
0.96,0.98,0.8137199999999999,0.5272000000000001
0.96,1.0,0.8141600000000001,0.5308800000000001
0.98,0.0,0.55464,0.0
0.98,0.02,0.55576,4e-05
0.98,0.04,0.5550800000000001,0.0
0.98,0.06,0.55496,0.00012
0.98,0.08,0.5548000000000001,0.0
0.98,0.1,0.55532,4e-05
0.98,0.12,0.5546000000000001,0.0
0.98,0.14,0.5546800000000001,0.0
0.98,0.16,0.55564,0.00016
0.98,0.18,0.5566400000000001,0.0010400000000000001
0.98,0.2,0.5538400000000001,0.00036
0.98,0.22,0.5560400000000001,0.00068
0.98,0.24,0.55528,0.0007199999999999999
0.98,0.26,0.5572,0.0034000000000000002
0.98,0.28,0.569,0.02996
0.98,0.3,0.59688,0.084
0.98,0.32,0.6376,0.17104
0.98,0.34,0.6570800000000001,0.20832
0.98,0.36,0.67636,0.25004000000000004
0.98,0.38,0.6897200000000001,0.27536
0.98,0.4,0.7022399999999999,0.29936
0.98,0.42,0.7110399999999999,0.3206800000000001
0.98,0.44,0.7239999999999999,0.34676
0.98,0.46,0.73372,0.36327999999999994
0.98,0.48,0.73728,0.37732
0.98,0.5,0.7444,0.3846
0.98,0.52,0.75028,0.40184
0.98,0.54,0.75776,0.41419999999999996
0.98,0.56,0.7672000000000001,0.4316
0.98,0.58,0.76756,0.43692
0.98,0.6,0.7759199999999999,0.45264000000000004
0.98,0.62,0.77656,0.45152000000000003
0.98,0.64,0.77912,0.45968000000000003
0.98,0.66,0.7850800000000001,0.46879999999999994
0.98,0.68,0.7879600000000001,0.47704
0.98,0.7000000000000001,0.79232,0.48224000000000006
0.98,0.72,0.7924800000000002,0.4838
0.98,0.74,0.7951600000000001,0.49035999999999996
0.98,0.76,0.79604,0.49588
0.98,0.78,0.80152,0.5052800000000001
0.98,0.8,0.7998400000000001,0.50068
0.98,0.8200000000000001,0.8050800000000001,0.50804
0.98,0.84,0.8052800000000001,0.5132
0.98,0.86,0.8080799999999999,0.51704
0.98,0.88,0.80952,0.52028
0.98,0.9,0.8102800000000001,0.5211199999999999
0.98,0.92,0.81048,0.52368
0.98,0.9400000000000001,0.81308,0.52536
0.98,0.96,0.8130799999999999,0.5239600000000001
0.98,0.98,0.8144800000000001,0.53096
0.98,1.0,0.8159200000000001,0.5306000000000001
1.0,0.0,0.5560400000000001,0.0
1.0,0.02,0.5551600000000001,0.0
1.0,0.04,0.5551600000000001,0.0
1.0,0.06,0.5550800000000001,0.0
1.0,0.08,0.55428,0.0
1.0,0.1,0.5550800000000001,0.0
1.0,0.12,0.55372,0.00016
1.0,0.14,0.55564,0.00043999999999999996
1.0,0.16,0.5550400000000001,0.0
1.0,0.18,0.5538000000000001,8e-05
1.0,0.2,0.55444,0.0
1.0,0.22,0.55388,8e-05
1.0,0.24,0.55496,0.0028400000000000005
1.0,0.26,0.5544,0.00288
1.0,0.28,0.5636,0.01964
1.0,0.3,0.61428,0.11943999999999999
1.0,0.32,0.6396000000000001,0.17312000000000002
1.0,0.34,0.65496,0.20664000000000002
1.0,0.36,0.6737200000000001,0.24096
1.0,0.38,0.6848399999999999,0.2662
1.0,0.4,0.70128,0.30244
1.0,0.42,0.71164,0.31888
1.0,0.44,0.72476,0.34612000000000004
1.0,0.46,0.7334,0.36384000000000005
1.0,0.48,0.73968,0.37683999999999995
1.0,0.5,0.74576,0.38944
1.0,0.52,0.7499600000000001,0.40052
1.0,0.54,0.7593199999999999,0.41676
1.0,0.56,0.7612799999999998,0.42239999999999994
1.0,0.58,0.7691999999999999,0.43839999999999996
1.0,0.6,0.775,0.44908000000000003
1.0,0.62,0.77604,0.45336
1.0,0.64,0.78212,0.46375999999999995
1.0,0.66,0.7870800000000001,0.4718
1.0,0.68,0.78872,0.47452
1.0,0.7000000000000001,0.79268,0.48316000000000003
1.0,0.72,0.79432,0.48532
1.0,0.74,0.7962400000000001,0.48960000000000004
1.0,0.76,0.7983999999999999,0.49604
1.0,0.78,0.8004399999999999,0.5014
1.0,0.8,0.80428,0.50656
1.0,0.8200000000000001,0.8017200000000001,0.50432
1.0,0.84,0.8071200000000002,0.51464
1.0,0.86,0.80664,0.5118
1.0,0.88,0.8076800000000002,0.5167200000000001
1.0,0.9,0.8110799999999999,0.5240400000000001
1.0,0.92,0.8134,0.5278
1.0,0.9400000000000001,0.8125199999999999,0.5257600000000001
1.0,0.96,0.8108,0.52552
1.0,0.98,0.8145600000000001,0.53188
1.0,1.0,0.8133199999999999,0.52568
